Time,CPU_FPS
0:00:01,0.6
0:00:02,6.6
0:00:03,6.3
0:00:04,7
0:00:05,6.9
0:00:06,6.8
0:00:07,6.5
0:00:08,7.1
0:00:09,6.9
0:00:10,7
0:00:11,7.1
0:00:12,6.8
0:00:13,7.5
0:00:14,6.8
0:00:15,6.7
0:00:16,6.4
0:00:17,6.5
0:00:18,5.7
0:00:19,6.2
0:00:20,6.9
0:00:21,6.4
0:00:22,6.5
0:00:23,6.7
0:00:24,6.9
0:00:25,6.9
0:00:26,7.3
0:00:27,6.9
0:00:28,7.3
0:00:29,7
0:00:30,6.7
0:00:31,7
0:00:32,6.5
0:00:33,7
0:00:34,7
0:00:35,6.9
0:00:36,7
0:00:37,6.5
0:00:38,6.6
0:00:39,7.9
0:00:40,7.4
0:00:41,6.6
0:00:42,7.5
0:00:43,7.2
0:00:44,6.7
0:00:45,7
0:00:46,7.4
0:00:47,7.2
0:00:48,6.8
0:00:49,7.3
0:00:50,7.2
0:00:51,6.8
0:00:52,7.1
0:00:53,7.3
0:00:54,7.1
0:00:55,7.2
0:00:56,6.8
0:00:57,7.6
0:00:58,7.2
0:00:59,6.4
0:01:00,7.2
0:01:01,6.9
0:01:02,7.2
0:01:03,7.1
0:01:04,7
0:01:05,6.7
0:01:06,6.6
0:01:07,6.8
0:01:08,6.8
0:01:09,7.1
0:01:10,6.8
0:01:11,6.9
0:01:12,7.2
0:01:13,6.5
0:01:14,7
0:01:15,7
0:01:16,7.2
0:01:17,7.1
0:01:18,6.4
0:01:19,7.1
0:01:20,7.5
0:01:21,7.8
0:01:22,6.9
0:01:23,7.5
0:01:24,6.6
0:01:25,7
0:01:26,6.9
0:01:27,7.6
0:01:28,7.6
0:01:29,7.3
0:01:30,6.5
0:01:31,7.1
0:01:32,7.3
0:01:33,7.6
0:01:34,6.9
0:01:35,7.6
0:01:36,7.4
0:01:37,8
0:01:38,7.6
0:01:39,6.9
0:01:40,6.3
0:01:41,7.8
0:01:42,7.1
0:01:43,7.5
0:01:44,6.6
0:01:45,7.6
0:01:46,6.7
0:01:47,6.8
0:01:48,6.5
0:01:49,6.8
0:01:50,6.9
0:01:51,7.1
0:01:52,7.1
0:01:53,7.3
0:01:54,7.9
0:01:55,6.4
0:01:56,6.9
0:01:57,7.2
0:01:58,6.6
0:01:59,7
0:02:00,7.5
0:02:01,6.5
0:02:02,7
0:02:03,7.8
0:02:04,7.5
0:02:05,6.6
0:02:06,7.2
0:02:07,6.5
0:02:08,7.1
0:02:09,7.3
0:02:10,6.9
0:02:11,7.4
0:02:12,7.2
0:02:13,6.8
0:02:14,7.4
0:02:15,7
0:02:16,6.5
0:02:17,6.8
0:02:18,6.9
0:02:19,7.2
0:02:20,6.8
0:02:21,6.7
0:02:22,7.2
0:02:23,7.7
0:02:24,7.2
0:02:25,7.6
0:02:26,6.9
0:02:27,6.3
0:02:28,7
0:02:29,6.8
0:02:30,7.1
0:02:31,6.5
0:02:32,6.8
0:02:33,6.7
0:02:34,7.2
0:02:35,7.1
0:02:36,6.9
0:02:37,6.8
0:02:38,6.5
0:02:39,6.9
0:02:40,7.6
0:02:41,7.5
0:02:42,7.8
0:02:43,7.8
0:02:44,6.9
0:02:45,7
0:02:46,7.3
0:02:47,6.8
0:02:48,6.9
0:02:49,7
0:02:50,6.5
0:02:51,6.8
0:02:52,6.7
0:02:53,7.1
0:02:54,7.5
0:02:55,6.4
0:02:56,8
0:02:57,7.7
0:02:58,6.5
0:02:59,6.5
0:03:00,7.2
0:03:01,6.5
0:03:02,7.4
0:03:03,7
0:03:04,7.3
0:03:05,6.8
0:03:06,6.5
0:03:07,6.8
0:03:08,7.2
0:03:09,6.8
0:03:10,6.5
0:03:11,7.1
0:03:12,6.7
0:03:13,6.8
0:03:14,6.5
0:03:15,7.8
0:03:16,7.1
0:03:17,7.3
0:03:18,6.9
0:03:19,6.3
0:03:20,7
0:03:21,6.9
0:03:22,7.9
0:03:23,7.3
0:03:24,6.8
0:03:25,7.1
0:03:26,6.8
0:03:27,7
0:03:28,6.9
0:03:29,7.6
0:03:30,7.4
0:03:31,6.6
0:03:32,6.7
0:03:33,7.9
0:03:34,7.2
0:03:35,6.7
0:03:36,7.9
0:03:37,6.9
0:03:38,7.1
0:03:39,6.6
0:03:40,6.9
0:03:41,7.3
0:03:42,7
0:03:43,7
0:03:44,7.7
0:03:45,6.6
0:03:46,7.5
0:03:47,8.2
0:03:48,6.7
0:03:49,7.1
0:03:50,6.9
0:03:51,7.4
0:03:52,7
0:03:53,7.1
0:03:54,6.7
0:03:55,7.2
0:03:56,7.1
0:03:57,6.5
0:03:58,6.8
0:03:59,6.3
0:04:00,7.2
0:04:01,6.5
0:04:02,6.6
0:04:03,6.6
0:04:04,7.2
0:04:05,6.5
0:04:06,6.1
0:04:07,6.8
0:04:08,6.6
0:04:09,6.6
0:04:10,6.8
0:04:11,6.8
0:04:12,6.6
0:04:13,6.3
0:04:14,5.9
0:04:15,7.9
0:04:16,7.6
0:04:17,6.5
0:04:18,6.8
0:04:19,6.4
0:04:20,6.6
0:04:21,6.8
0:04:22,6.6
0:04:23,6.8
0:04:24,6.9
0:04:25,6.4
0:04:26,7.4
0:04:27,6.7
0:04:28,7.1
0:04:29,7.1
0:04:30,7.6
0:04:31,6.5
0:04:32,6.9
0:04:33,7.5
0:04:34,7.1
0:04:35,6.9
0:04:36,7.2
0:04:37,7
0:04:38,6.9
0:04:39,7.1
0:04:40,6.8
0:04:41,7
0:04:42,7.5
0:04:43,6.6
0:04:44,6.9
0:04:45,7.2
0:04:46,7.1
0:04:47,6.6
0:04:48,7.1
0:04:49,7.1
0:04:50,6.6
0:04:51,7.7
0:04:52,7.6
0:04:53,6.4
0:04:54,7
0:04:55,6.7
0:04:56,6.7
0:04:57,7.4
0:04:58,7.1
0:04:59,7.3
0:05:00,7.6
0:05:01,7.2
0:05:02,6.4
0:05:03,7.5
0:05:04,7
0:05:05,6.7
0:05:06,7.6
0:05:07,7.6
0:05:08,7.2
0:05:09,6.8
0:05:10,7.4
0:05:11,6.6
0:05:12,7.8
0:05:13,7.6
0:05:14,7.1
0:05:15,6.8
0:05:16,7
0:05:17,7.6
0:05:18,7.2
0:05:19,6.8
0:05:20,7
0:05:21,7
0:05:22,6.6
0:05:23,6.9
0:05:24,6.8
0:05:25,7.1
0:05:26,7.8
0:05:27,7.9
0:05:28,7
0:05:29,6.7
0:05:30,7.3
0:05:31,7.4
0:05:32,7.1
0:05:33,7.2
0:05:34,7
0:05:35,7.1
0:05:36,6.6
0:05:37,7.8
0:05:38,7.4
0:05:39,6.6
0:05:40,6.8
0:05:41,7.8
0:05:42,7.3
0:05:43,6.8
0:05:44,6.5
0:05:45,8
0:05:46,7.2
0:05:47,6.8
0:05:48,6.7
0:05:49,6.9
0:05:50,7.4
0:05:51,7.2
0:05:52,6.5
0:05:53,6.2
0:05:54,5.9
0:05:55,6.1
0:05:56,6.3
0:05:57,6
0:05:58,6.6
0:05:59,7.1
0:06:00,6.9
0:06:01,7.1
0:06:02,7.4
0:06:03,7
0:06:04,7.4
0:06:05,6.9
0:06:06,6.1
0:06:07,6.4
0:06:08,6.2
0:06:09,6.9
0:06:10,7.1
0:06:11,6.4
0:06:12,6.3
0:06:13,6.5
0:06:14,5.9
0:06:15,6.1
0:06:16,6.6
0:06:17,6.7
0:06:18,6.9
0:06:19,6.6
0:06:20,6.9
0:06:21,6.9
0:06:22,6.9
0:06:23,6.9
0:06:24,6.8
0:06:25,6.9
0:06:26,7.1
0:06:27,6.7
0:06:28,6.9
0:06:29,7
0:06:30,6.6
0:06:31,6.8
0:06:32,7
0:06:33,7
0:06:34,7.1
0:06:35,6.9
0:06:36,7.1
0:06:37,7.2
0:06:38,6.8
0:06:39,6.5
0:06:40,7.2
0:06:41,6.9
0:06:42,6.8
0:06:43,7.4
0:06:44,7.4
0:06:45,7.3
0:06:46,7.2
0:06:47,6.8
0:06:48,6.8
0:06:49,7.1
0:06:50,7.3
0:06:51,7.4
0:06:52,7.5
0:06:53,7.3
0:06:54,7.4
0:06:55,7.3
0:06:56,7.1
0:06:57,6.9
0:06:58,7.5
0:06:59,7.1
0:07:00,7.3
0:07:01,7.3
0:07:02,7.3
0:07:03,7.2
0:07:04,6.9
0:07:05,7.1
0:07:06,7
0:07:07,6.6
0:07:08,6.7
0:07:09,4.2
0:07:10,6.8
0:07:11,6.6
0:07:12,6.9
0:07:13,6.9
0:07:14,6.7
0:07:15,6.9
0:07:16,7.1
0:07:17,6.9
0:07:18,7.1
0:07:19,7.2
0:07:20,6.9
0:07:21,7.3
0:07:22,6.9
0:07:23,6.8
0:07:24,7.2
0:07:25,7.1
0:07:26,6.9
0:07:27,7.3
0:07:28,7
0:07:29,6.7
0:07:30,6.9
0:07:31,7
0:07:32,7.1
0:07:33,7.3
0:07:34,6.9
0:07:35,7
0:07:36,6.5
0:07:37,6.9
0:07:38,7
0:07:39,7.2
0:07:40,7.1
0:07:41,7.1
0:07:42,7.2
0:07:43,7
0:07:44,6.9
0:07:45,7.2
0:07:46,7.1
0:07:47,7.1
0:07:48,7.1
0:07:49,7
0:07:50,7
0:07:51,6.6
0:07:52,7.1
0:07:53,6.8
0:07:54,7.1
0:07:55,7.2
0:07:56,7
0:07:57,7.3
0:07:58,6.9
0:07:59,7.3
0:08:00,6.9
0:08:01,7.2
0:08:02,7.2
0:08:03,7
0:08:04,7
0:08:05,6.5
0:08:06,7.3
0:08:07,7
0:08:08,6.9
0:08:09,7.1
0:08:10,6.6
0:08:11,6.9
0:08:12,7
0:08:13,7.1
0:08:14,7.1
0:08:15,7
0:08:16,7.3
0:08:17,7.1
0:08:18,6.8
0:08:19,7.3
0:08:20,7.2
0:08:21,6.7
0:08:22,7.1
0:08:23,6.9
0:08:24,7.1
0:08:25,6.9
0:08:26,6.8
0:08:27,7.3
0:08:28,7.1
0:08:29,7
0:08:30,6.9
0:08:31,7
0:08:32,6.9
0:08:33,7
0:08:34,7.2
0:08:35,6.9
0:08:36,7.1
0:08:37,7.1
0:08:38,7.1
0:08:39,7
0:08:40,7
0:08:41,7.3
0:08:42,7.3
0:08:43,6.9
0:08:44,7
0:08:45,7.3
0:08:46,6.9
0:08:47,6.9
0:08:48,7
0:08:49,7.4
0:08:50,7.2
0:08:51,6.6
0:08:52,7.1
0:08:53,7.1
0:08:54,6.9
0:08:55,7.2
0:08:56,7.1
0:08:57,7.1
0:08:58,7
0:08:59,7.1
0:09:00,7
0:09:01,7
0:09:02,7.3
0:09:03,7
0:09:04,7
0:09:05,6.9
0:09:06,7.1
0:09:07,7.3
0:09:08,6.9
0:09:09,7.1
0:09:10,7.3
0:09:11,6.9
0:09:12,7
0:09:13,7
0:09:14,7.1
0:09:15,7.1
0:09:16,7.1
0:09:17,6.7
0:09:18,7.1
0:09:19,7.1
0:09:20,7.3
0:09:21,7.3
0:09:22,6.9
0:09:23,7.1
0:09:24,7.3
0:09:25,6.9
0:09:26,7.1
0:09:27,7.2
0:09:28,7
0:09:29,7
0:09:30,7.2
0:09:31,7.1
0:09:32,7.1
0:09:33,6.7
0:09:34,7
0:09:35,7.1
0:09:36,6.9
0:09:37,7.3
0:09:38,6.8
0:09:39,7.1
0:09:40,7
0:09:41,7.2
0:09:42,7
0:09:43,7.2
0:09:44,7.1
0:09:45,6.8
0:09:46,7.3
0:09:47,7.2
0:09:48,6.9
0:09:49,7.2
0:09:50,6.9
0:09:51,7.1
0:09:52,7
0:09:53,6.8
0:09:54,6.4
0:09:55,6.8
0:09:56,6.9
0:09:57,7.1
0:09:58,6.7
0:09:59,7
0:10:00,6.9
0:10:01,7.1
0:10:02,7.1
0:10:03,7
0:10:04,7.3
0:10:05,7.1
0:10:06,6.9
0:10:07,7.1
0:10:08,7.1
0:10:09,6.7
0:10:10,6.9
0:10:11,7.2
0:10:12,6.9
0:10:13,7.1
0:10:14,7
0:10:15,7.1
0:10:16,7.3
0:10:17,6.9
0:10:18,7.1
0:10:19,6.9
0:10:20,7
0:10:21,7.1
0:10:22,7.3
0:10:23,6.9
0:10:24,7.1
0:10:25,7.1
0:10:26,6.5
0:10:27,7.2
0:10:28,7
0:10:29,6.9
0:10:30,6.9
0:10:31,6.8
0:10:32,7.1
0:10:33,7.1
0:10:34,6.9
0:10:35,7.1
0:10:36,7
0:10:37,7
0:10:38,7
0:10:39,7.1
0:10:40,6.9
0:10:41,7.1
0:10:42,6.8
0:10:43,7.2
0:10:44,7.1
0:10:45,6.8
0:10:46,7.1
0:10:47,7
0:10:48,7
0:10:49,6.9
0:10:50,7
0:10:51,7.1
0:10:52,6.9
0:10:53,6.9
0:10:54,6.9
0:10:55,7.1
0:10:56,7
0:10:57,6.9
0:10:58,7.1
0:10:59,6.6
0:11:00,6.9
0:11:01,6.9
0:11:02,7
0:11:03,7.2
0:11:04,7.1
0:11:05,6.9
0:11:06,6.5
0:11:07,7.1
0:11:08,6.9
0:11:09,7.1
0:11:10,7.3
0:11:11,7
0:11:12,6.9
0:11:13,7.1
0:11:14,6.8
0:11:15,6.9
0:11:16,7.1
0:11:17,6.9
0:11:18,7.2
0:11:19,6.9
0:11:20,6.6
0:11:21,6.8
0:11:22,6.8
0:11:23,7.1
0:11:24,7
0:11:25,7.1
0:11:26,7.1
0:11:27,6.8
0:11:28,7.2
0:11:29,6.9
0:11:30,7.3
0:11:31,7.1
0:11:32,6.8
0:11:33,6.9
0:11:34,6.8
0:11:35,7
0:11:36,6.9
0:11:37,6.9
0:11:38,6.9
0:11:39,7
0:11:40,6.9
0:11:41,6.7
0:11:42,7
0:11:43,6.6
0:11:44,7
0:11:45,7.2
0:11:46,6.9
0:11:47,6.9
0:11:48,6.7
0:11:49,6.8
0:11:50,6.9
0:11:51,7.2
0:11:52,7.1
0:11:53,6.8
0:11:54,7
0:11:55,6.9
0:11:56,7
0:11:57,7
0:11:58,7.1
0:11:59,6.9
0:12:00,7
0:12:01,7
0:12:02,6.5
0:12:03,6.6
0:12:04,6.9
0:12:05,6.7
0:12:06,6.3
0:12:07,7.1
0:12:08,6.9
0:12:09,6.8
0:12:10,6.9
0:12:11,7
0:12:12,7.1
0:12:13,6.8
0:12:14,6.9
0:12:15,7
0:12:16,6.8
0:12:17,7.3
0:12:18,7
0:12:19,6.8
0:12:20,6.9
0:12:21,6.9
0:12:22,6.8
0:12:23,7
0:12:24,7.1
0:12:25,6.7
0:12:26,7
0:12:27,6.7
0:12:28,6.5
0:12:29,7.1
0:12:30,6.8
0:12:31,7
0:12:32,6.8
0:12:33,6.9
0:12:34,6.9
0:12:35,7
0:12:36,6.9
0:12:37,6.8
0:12:38,7
0:12:39,6.9
0:12:40,6.4
0:12:41,7.1
0:12:42,6.8
0:12:43,7
0:12:44,7
0:12:45,7.2
0:12:46,6.9
0:12:47,7
0:12:48,7.1
0:12:49,7
0:12:50,7
0:12:51,6.9
0:12:52,7
0:12:53,6.9
0:12:54,7
0:12:55,6.8
0:12:56,7.1
0:12:57,6.8
0:12:58,7
0:12:59,7.1
0:13:00,6.1
0:13:01,6.6
0:13:02,6.5
0:13:03,7
0:13:04,7
0:13:05,6.7
0:13:06,6.9
0:13:07,7
0:13:08,7
0:13:09,6.6
0:13:10,7.1
0:13:11,7.1
0:13:12,6.7
0:13:13,7
0:13:14,6.8
0:13:15,6.9
0:13:16,7
0:13:17,6.8
0:13:18,7.1
0:13:19,7
0:13:20,6.9
0:13:21,6.8
0:13:22,7
0:13:23,6.9
0:13:24,6.7
0:13:25,6.8
0:13:26,6.8
0:13:27,6.8
0:13:28,6.9
0:13:29,6.9
0:13:30,7
0:13:31,6.8
0:13:32,7
0:13:33,6.9
0:13:34,6.8
0:13:35,6.9
0:13:36,7.1
0:13:37,6.9
0:13:38,6.9
0:13:39,6.9
0:13:40,6.8
0:13:41,7.1
0:13:42,7.1
0:13:43,6.9
0:13:44,7.1
0:13:45,7
0:13:46,7.1
0:13:47,7
0:13:48,7.1
0:13:49,6.9
0:13:50,7.1
0:13:51,6.8
0:13:52,7.2
0:13:53,7.1
0:13:54,6.8
0:13:55,6.5
0:13:56,6.7
0:13:57,6.7
0:13:58,6.6
0:13:59,7
0:14:00,6.9
0:14:01,7.1
0:14:02,7.4
0:14:03,7
0:14:04,7.4
0:14:05,6.9
0:14:06,6.3
0:14:07,6.4
0:14:08,6.2
0:14:09,6.9
0:14:10,7.1
0:14:11,6.4
0:14:12,6.3
0:14:13,6.5
0:14:14,5.9
0:14:15,6.1
0:14:16,7.1
0:14:17,7.2
0:14:18,7
0:14:19,7
0:14:20,7.2
0:14:21,7.1
0:14:22,7.1
0:14:23,6.7
0:14:24,7
0:14:25,7.1
0:14:26,6.9
0:14:27,7.3
0:14:28,6.8
0:14:29,7.1
0:14:30,7
0:14:31,7.2
0:14:32,7
0:14:33,7.2
0:14:34,7.1
0:14:35,6.8
0:14:36,7.3
0:14:37,7.2
0:14:38,6.9
0:14:39,7.2
0:14:40,6.9
0:14:41,7.1
0:14:42,7
0:14:43,6.8
0:14:44,6.4
0:14:45,6.8
0:14:46,6.9
0:14:47,7.1
0:14:48,6.7
0:14:49,7
0:14:50,6.9
0:14:51,7.1
0:14:52,7.1
0:14:53,7
0:14:54,7.3
0:14:55,7.1
0:14:56,6.9
0:14:57,7.1
0:14:58,7.1
0:14:59,6.7
0:15:00,6.9
0:15:01,7.3
0:15:02,7.3
0:15:03,6.5
0:15:04,6.7
0:15:05,6.1
0:15:06,6.6
0:15:07,6.7
0:15:08,6.9
0:15:09,6.6
0:15:10,7
0:15:11,6.7
0:15:12,6.7
0:15:13,7
0:15:14,6.9
0:15:15,7.1
0:15:16,6.9
0:15:17,6.9
0:15:18,7.2
0:15:19,7.2
0:15:20,6.9
0:15:21,6.6
0:15:22,7.3
0:15:23,6.9
0:15:24,7.3
0:15:25,7.1
0:15:26,6.6
0:15:27,7.3
0:15:28,7.2
0:15:29,7
0:15:30,7
0:15:31,6.9
0:15:32,6.1
0:15:33,5.6
0:15:34,6
0:15:35,7.1
0:15:36,6.9
0:15:37,6.8
0:15:38,7
0:15:39,7.4
0:15:40,6.5
0:15:41,7.1
0:15:42,6.6
0:15:43,6.8
0:15:44,7.2
0:15:45,7
0:15:46,6.6
0:15:47,7
0:15:48,6.9
0:15:49,6.7
0:15:50,6.8
0:15:51,7
0:15:52,6.9
0:15:53,6.6
0:15:54,6.9
0:15:55,7.1
0:15:56,6.9
0:15:57,6.2
0:15:58,7.1
0:15:59,6.8
0:16:00,6.8
0:16:01,6.5
0:16:02,6.5
0:16:03,6.2
0:16:04,6.7
0:16:05,5.7
0:16:06,6.6
0:16:07,6
0:16:08,7
0:16:09,6.9
0:16:10,7
0:16:11,6.9
0:16:12,6.3
0:16:13,6.3
0:16:14,7.1
0:16:15,7.1
0:16:16,6.7
0:16:17,7
0:16:18,6.7
0:16:19,7
0:16:20,6.9
0:16:21,6.8
0:16:22,6.9
0:16:23,6.9
0:16:24,7.1
0:16:25,6.4
0:16:26,6.3
0:16:27,6.5
0:16:28,6.3
0:16:29,6.8
0:16:30,6.5
0:16:31,7.1
0:16:32,6.8
0:16:33,6.7
0:16:34,6.1
0:16:35,6.4
0:16:36,6.4
0:16:37,6.7
0:16:38,6.3
0:16:39,5.9
0:16:40,6
0:16:41,6.3
0:16:42,6.7
0:16:43,5.7
0:16:44,5.9
0:16:45,6.3
0:16:46,5.5
0:16:47,5
0:16:48,5.1
0:16:49,5.8
0:16:50,5.8
0:16:51,5.9
0:16:52,5.9
0:16:53,5.9
0:16:54,6
0:16:55,5.3
0:16:56,5.4
0:16:57,6
0:16:58,6.1
0:16:59,6.1
0:17:00,5.9
0:17:01,5.2
0:17:02,4.9
0:17:03,5.4
0:17:04,5.5
0:17:05,5.4
0:17:06,6.1
0:17:07,6
0:17:08,4.9
0:17:09,5.1
0:17:10,4.7
0:17:11,4.9
0:17:12,5.5
0:17:13,5.4
0:17:14,6
0:17:15,6.4
0:17:16,6.1
0:17:17,6.5
0:17:18,5.6
0:17:19,6.3
0:17:20,6.4
0:17:21,6.1
0:17:22,6.1
0:17:23,6.5
0:17:24,6
0:17:25,6
0:17:26,6
0:17:27,6.3
0:17:28,6.3
0:17:29,6.7
0:17:30,6
0:17:31,6.5
0:17:32,6.3
0:17:33,5.8
0:17:34,6
0:17:35,6.4
0:17:36,6.3
0:17:37,6.4
0:17:38,5.6
0:17:39,5.9
0:17:40,5.5
0:17:41,6.1
0:17:42,6.5
0:17:43,6.1
0:17:44,4.7
0:17:45,5.1
0:17:46,6.1
0:17:47,6.3
0:17:48,6.4
0:17:49,6.3
0:17:50,5.7
0:17:51,6.1
0:17:52,6.2
0:17:53,6.2
0:17:54,6.3
0:17:55,6.5
0:17:56,6.1
0:17:57,6.5
0:17:58,6.1
0:17:59,5.4
0:18:00,5.8
0:18:01,5.4
0:18:02,5.4
0:18:03,5.7
0:18:04,5.4
0:18:05,5.3
0:18:06,5.6
0:18:07,5.8
0:18:08,5.4
0:18:09,5.5
0:18:10,5.4
0:18:11,5.6
0:18:12,5.6
0:18:13,5.5
0:18:14,5.6
0:18:15,4.8
0:18:16,5.3
0:18:17,5.6
0:18:18,5.5
0:18:19,5.5
0:18:20,5.4
0:18:21,5.6
0:18:22,5.8
0:18:23,4.9
0:18:24,5.8
0:18:25,5.1
0:18:26,5.8
0:18:27,5.8
0:18:28,6.2
0:18:29,6.1
0:18:30,5.9
0:18:31,5.3
0:18:32,5.4
0:18:33,5.9
0:18:34,5.4
0:18:35,5.5
0:18:36,6.1
0:18:37,6.1
0:18:38,6
0:18:39,5.7
0:18:40,6.7
0:18:41,5.4
0:18:42,5.7
0:18:43,5.5
0:18:44,6.1
0:18:45,5
0:18:46,5.7
0:18:47,5.1
0:18:48,5.8
0:18:49,5.2
0:18:50,5.8
0:18:51,5.8
0:18:52,5.8
0:18:53,6
0:18:54,5.9
0:18:55,6.5
0:18:56,4.5
0:18:57,5.2
0:18:58,6.1
0:18:59,5.9
0:19:00,5.4
0:19:01,6
0:19:02,6
0:19:03,6.2
0:19:04,5.9
0:19:05,6
0:19:06,6.6
0:19:07,5.9
0:19:08,6
0:19:09,6.2
0:19:10,5.7
0:19:11,6.1
0:19:12,5.8
0:19:13,6.1
0:19:14,6.1
0:19:15,5.9
0:19:16,6
0:19:17,6.5
0:19:18,5.4
0:19:19,5.8
0:19:20,6.5
0:19:21,6.8
0:19:22,6
0:19:23,6.2
0:19:24,6.5
0:19:25,6.5
0:19:26,6.7
0:19:27,6.2
0:19:28,5.9
0:19:29,6.1
0:19:30,6.1
0:19:31,5.9
0:19:32,6.8
0:19:33,6.4
0:19:34,6.7
0:19:35,6.8
0:19:36,6.7
0:19:37,6.5
0:19:38,6.7
0:19:39,6.8
0:19:40,7
0:19:41,6.8
0:19:42,6.9
0:19:43,6.9
0:19:44,6.9
0:19:45,6.9
0:19:46,6.9
0:19:47,6.2
0:19:48,6.3
0:19:49,6
0:19:50,6
0:19:51,6.1
0:19:52,6.3
0:19:53,5.5
0:19:54,6.6
0:19:55,5.2
0:19:56,4.7
0:19:57,5.1
0:19:58,5.4
0:19:59,5.8
0:20:00,5.2
0:20:01,6.1
0:20:02,6
0:20:03,6.3
0:20:04,6.4
0:20:05,6.1
0:20:06,5.9
0:20:07,5.3
0:20:08,5.4
0:20:09,5.5
0:20:10,5.2
0:20:11,5.1
0:20:12,5
0:20:13,4.7
0:20:14,4.4
0:20:15,4.9
0:20:16,4.4
0:20:17,4.2
0:20:18,5.1
0:20:19,5.3
0:20:20,5.5
0:20:21,3
0:20:22,6
0:20:23,6
0:20:24,5.4
0:20:25,5.3
0:20:26,5.7
0:20:27,5.3
0:20:28,4.9
0:20:29,5.6
0:20:30,6.2
0:20:31,5.6
0:20:32,6
0:20:33,6.2
0:20:34,6.1
0:20:35,5.9
0:20:36,6.2
0:20:37,5.1
0:20:38,5.2
0:20:39,4.7
0:20:40,4.5
0:20:41,5.5
0:20:42,5.5
0:20:43,5.6
0:20:44,5.3
0:20:45,5.9
0:20:46,6.2
0:20:47,5.9
0:20:48,5.9
0:20:49,4.9
0:20:50,5.3
0:20:51,5.7
0:20:52,5.4
0:20:53,5.5
0:20:54,5.8
0:20:55,5.6
0:20:56,5.5
0:20:57,6.1
0:20:58,5.7
0:20:59,5.6
0:21:00,5.9
0:21:01,5.9
0:21:02,6
0:21:03,6.2
0:21:04,6.1
0:21:05,5.7
0:21:06,5.8
0:21:07,5.6
0:21:08,5.7
0:21:09,6
0:21:10,5.5
0:21:11,6.1
0:21:12,6
0:21:13,6.1
0:21:14,6.1
0:21:15,5.8
0:21:16,5.8
0:21:17,5.5
0:21:18,5.5
0:21:19,5.4
0:21:20,5.4
0:21:21,5.9
0:21:22,5.8
0:21:23,5.3
0:21:24,5.3
0:21:25,5.1
0:21:26,5.2
0:21:27,5.5
0:21:28,5.6
0:21:29,5.2
0:21:30,5.8
0:21:31,6.2
0:21:32,6.1
0:21:33,5.9
0:21:34,5.5
0:21:35,6.2
0:21:36,5.9
0:21:37,6.3
0:21:38,6.3
0:21:39,5.2
0:21:40,5.5
0:21:41,6.2
0:21:42,5.8
0:21:43,5.8
0:21:44,5.1
0:21:45,5.9
0:21:46,6.3
0:21:47,5.7
0:21:48,5.4
0:21:49,5.8
0:21:50,6.1
0:21:51,6
0:21:52,6.1
0:21:53,5.9
0:21:54,5.7
0:21:55,5.5
0:21:56,5.6
0:21:57,6
0:21:58,5.8
0:21:59,6
0:22:00,6
0:22:01,5.4
0:22:02,5.4
0:22:03,5.7
0:22:04,5.7
0:22:05,5.5
0:22:06,6
0:22:07,6
0:22:08,6.1
0:22:09,5.9
0:22:10,5.8
0:22:11,6.1
0:22:12,4.8
0:22:13,5.7
0:22:14,5.9
0:22:15,6.1
0:22:16,6
0:22:17,6.1
0:22:18,6.4
0:22:19,6.3
0:22:20,6.5
0:22:21,6.3
0:22:22,5.7
0:22:23,6.1
0:22:24,5.8
0:22:25,6.1
0:22:26,5.9
0:22:27,6.1
0:22:28,6
0:22:29,5.7
0:22:30,6.2
0:22:31,5.8
0:22:32,6.2
0:22:33,6.2
0:22:34,5.9
0:22:35,6.1
0:22:36,5.9
0:22:37,5.9
0:22:38,6.2
0:22:39,5.4
0:22:40,5.9
0:22:41,5.7
0:22:42,6
0:22:43,5.8
0:22:44,6.2
0:22:45,6.2
0:22:46,5.8
0:22:47,5.6
0:22:48,6.1
0:22:49,6.1
0:22:50,5.8
0:22:51,6.2
0:22:52,6.2
0:22:53,5.7
0:22:54,5.7
0:22:55,5.4
0:22:56,5
0:22:57,6.1
0:22:58,6
0:22:59,5.6
0:23:00,5.8
0:23:01,6.1
0:23:02,6
0:23:03,5.7
0:23:04,6.1
0:23:05,6
0:23:06,5.6
0:23:07,5.6
0:23:08,6
0:23:09,5.2
0:23:10,5.7
0:23:11,5.6
0:23:12,5.7
0:23:13,5.7
0:23:14,5.9
0:23:15,6.3
0:23:16,6
0:23:17,5.8
0:23:18,5.9
0:23:19,6.1
0:23:20,5.9
0:23:21,5.8
0:23:22,6
0:23:23,5.9
0:23:24,6.1
0:23:25,5.9
0:23:26,6.4
0:23:27,6
0:23:28,6.1
0:23:29,5.7
0:23:30,5.7
0:23:31,6.1
0:23:32,5.6
0:23:33,5.6
0:23:34,6.2
0:23:35,6
0:23:36,6.3
0:23:37,6.2
0:23:38,5.9
0:23:39,6.2
0:23:40,6.2
0:23:41,5.7
0:23:42,6.2
0:23:43,6.2
0:23:44,5.7
0:23:45,5.6
0:23:46,5.8
0:23:47,5.8
0:23:48,5.9
0:23:49,5.9
0:23:50,6
0:23:51,5.9
0:23:52,6.3
0:23:53,6.2
0:23:54,6.3
0:23:55,6
0:23:56,5.6
0:23:57,6.1
0:23:58,6.2
0:23:59,5.8
0:24:00,5.7
0:24:01,6.2
0:24:02,5.7
0:24:03,5.7
0:24:04,5.6
0:24:05,5.9
0:24:06,5.5
0:24:07,5.6
0:24:08,6
0:24:09,5.6
0:24:10,6.1
0:24:11,5.9
0:24:12,6.1
0:24:13,5.6
0:24:14,5.6
0:24:15,5.9
0:24:16,5.6
0:24:17,6.3
0:24:18,5.8
0:24:19,6.2
0:24:20,6
0:24:21,5.4
0:24:22,6.3
0:24:23,6
0:24:24,5.4
0:24:25,6.1
0:24:26,6.1
0:24:27,6.1
0:24:28,6.1
0:24:29,5.9
0:24:30,5.5
0:24:31,6.2
0:24:32,6.1
0:24:33,5.5
0:24:34,6.3
0:24:35,6.1
0:24:36,5.7
0:24:37,6.2
0:24:38,6.1
0:24:39,5.6
0:24:40,6
0:24:41,5.6
0:24:42,5.9
0:24:43,6.2
0:24:44,5.8
0:24:45,6.1
0:24:46,5.8
0:24:47,6
0:24:48,6.2
0:24:49,5.9
0:24:50,6.1
0:24:51,5.8
0:24:52,6.3
0:24:53,6.1
0:24:54,5.3
0:24:55,5.8
0:24:56,6.3
0:24:57,5.7
0:24:58,6.1
0:24:59,6.1
0:25:00,5.6
0:25:01,6
0:25:02,6.1
0:25:03,5.7
0:25:04,6
0:25:05,6
0:25:06,5.6
0:25:07,5.9
0:25:08,5.9
0:25:09,5.9
0:25:10,5.7
0:25:11,6
0:25:12,5.9
0:25:13,5.8
0:25:14,5.8
0:25:15,6.1
0:25:16,5.8
0:25:17,5.7
0:25:18,6.1
0:25:19,5.4
0:25:20,6.3
0:25:21,6.1
0:25:22,6.2
0:25:23,6.1
0:25:24,6.1
0:25:25,5.9
0:25:26,6
0:25:27,6.3
0:25:28,6.3
0:25:29,6
0:25:30,6.2
0:25:31,6.2
0:25:32,5.3
0:25:33,5.4
0:25:34,6
0:25:35,5.8
0:25:36,5.9
0:25:37,5.9
0:25:38,5.5
0:25:39,6.3
0:25:40,6.3
0:25:41,6
0:25:42,6.3
0:25:43,5.8
0:25:44,5.8
0:25:45,5.9
0:25:46,6.3
0:25:47,6.1
0:25:48,6.3
0:25:49,6.3
0:25:50,6.1
0:25:51,6.2
0:25:52,6.1
0:25:53,6.2
0:25:54,6.1
0:25:55,6
0:25:56,6.3
0:25:57,5.8
0:25:58,5.9
0:25:59,5.8
0:26:00,5.7
0:26:01,5.7
0:26:02,5.8
0:26:03,5.7
0:26:04,6
0:26:05,6
0:26:06,5.9
0:26:07,6
0:26:08,5.8
0:26:09,5
0:26:10,5.5
0:26:11,5.9
0:26:12,5.9
0:26:13,6.1
0:26:14,5.4
0:26:15,5.9
0:26:16,6.1
0:26:17,5.9
0:26:18,6.1
0:26:19,6
0:26:20,5
0:26:21,6.2
0:26:22,6.2
0:26:23,5.8
0:26:24,5.3
0:26:25,6.3
0:26:26,6.2
0:26:27,5.4
0:26:28,5.8
0:26:29,6
0:26:30,6.2
0:26:31,6.1
0:26:32,5.4
0:26:33,6
0:26:34,6.1
0:26:35,6.1
0:26:36,6
0:26:37,6
0:26:38,6.2
0:26:39,5.8
0:26:40,6.3
0:26:41,5.9
0:26:42,6.1
0:26:43,6.1
0:26:44,5.7
0:26:45,6
0:26:46,5.8
0:26:47,6
0:26:48,6.3
0:26:49,6.1
0:26:50,6.1
0:26:51,6.3
0:26:52,5.7
0:26:53,5.9
0:26:54,6.3
0:26:55,5.5
0:26:56,6.1
0:26:57,5.9
0:26:58,5.2
0:26:59,5.9
0:27:00,5.7
0:27:01,5.9
0:27:02,5.8
0:27:03,6
0:27:04,5.4
0:27:05,5.9
0:27:06,5
0:27:07,5.3
0:27:08,6
0:27:09,6
0:27:10,5.7
0:27:11,6.3
0:27:12,6.2
0:27:13,5.7
0:27:14,5.8
0:27:15,5.9
0:27:16,5.4
0:27:17,5.4
0:27:18,6.1
0:27:19,6
0:27:20,5.9
0:27:21,5.4
0:27:22,5.9
0:27:23,6.1
0:27:24,6.1
0:27:25,6
0:27:26,6.3
0:27:27,5.7
0:27:28,5.9
0:27:29,6
0:27:30,5.6
0:27:31,6.2
0:27:32,5.9
0:27:33,5.9
0:27:34,6.1
0:27:35,6.1
0:27:36,5.9
0:27:37,6.1
0:27:38,5.9
0:27:39,6
0:27:40,6
0:27:41,5.9
0:27:42,6.3
0:27:43,5.6
0:27:44,6
0:27:45,6.1
0:27:46,5.7
0:27:47,6.2
0:27:48,5.6
0:27:49,5.6
0:27:50,5.7
0:27:51,5.8
0:27:52,5.8
0:27:53,6
0:27:54,5.8
0:27:55,6
0:27:56,5.5
0:27:57,6.1
0:27:58,6
0:27:59,6
0:28:00,6.1
0:28:01,6.1
0:28:02,5.8
0:28:03,6.2
0:28:04,6.2
0:28:05,5.6
0:28:06,6.1
0:28:07,6.1
0:28:08,5.4
0:28:09,6.2
0:28:10,6.2
0:28:11,5.6
0:28:12,6.3
0:28:13,6
0:28:14,5.4
0:28:15,6.2
0:28:16,6.3
0:28:17,5.8
0:28:18,6
0:28:19,6.3
0:28:20,5.6
0:28:21,5.9
0:28:22,6.2
0:28:23,5.7
0:28:24,6.2
0:28:25,6
0:28:26,5.6
0:28:27,6.4
0:28:28,6.2
0:28:29,5.6
0:28:30,6
0:28:31,5.9
0:28:32,5.3
0:28:33,6
0:28:34,5.9
0:28:35,5.5
0:28:36,5.9
0:28:37,6.1
0:28:38,5.7
0:28:39,5.3
0:28:40,6
0:28:41,6.2
0:28:42,6.1
0:28:43,6.2
0:28:44,5.9
0:28:45,5.8
0:28:46,5.9
0:28:47,6.2
0:28:48,5.5
0:28:49,5.2
0:28:50,5.8
0:28:51,5.8
0:28:52,6
0:28:53,5.9
0:28:54,5.9
0:28:55,6.1
0:28:56,6.1
0:28:57,6.1
0:28:58,5.9
0:28:59,6.1
0:29:00,6.1
0:29:01,5.8
0:29:02,6.1
0:29:03,5.9
0:29:04,6.2
0:29:05,6.2
0:29:06,6.1
0:29:07,5.9
0:29:08,5.9
0:29:09,6.3
0:29:10,5.6
0:29:11,6
0:29:12,6
0:29:13,6.3
0:29:14,5.9
0:29:15,6.1
0:29:16,6
0:29:17,6.3
0:29:18,6.3
0:29:19,5.6
0:29:20,5.5
0:29:21,6.1
0:29:22,5.8
0:29:23,5.6
0:29:24,5.8
0:29:25,5.8
0:29:26,5.6
0:29:27,6.1
0:29:28,5.9
0:29:29,6
0:29:30,6.4
0:29:31,5.9
0:29:32,5.8
0:29:33,5.9
0:29:34,6.2
0:29:35,6.3
0:29:36,5.9
0:29:37,5.6
0:29:38,6.2
0:29:39,6
0:29:40,6.1
0:29:41,6.4
0:29:42,6.1
0:29:43,5.5
0:29:44,5.4
0:29:45,6.1
0:29:46,6.1
0:29:47,5.7
0:29:48,6
0:29:49,6.3
0:29:50,5.3
0:29:51,5.7
0:29:52,5.2
0:29:53,5.9
0:29:54,5.8
0:29:55,5.9
0:29:56,6
0:29:57,5.9
0:29:58,6
0:29:59,6
0:30:00,5.9
0:30:01,5.9
0:30:02,6.1
0:30:03,5.8
0:30:04,5.6
0:30:05,5.8
0:30:06,5.7
0:30:07,5.9
0:30:08,5.5
0:30:09,5.9
0:30:10,5.8
0:30:11,5.8
0:30:12,5.6
0:30:13,6.5
0:30:14,5.6
0:30:15,6.3
0:30:16,6.5
0:30:17,5.5
0:30:18,6.1
0:30:19,6.5
0:30:20,5.6
0:30:21,6.3
0:30:22,6.3
0:30:23,5.8
0:30:24,6.4
0:30:25,6.2
0:30:26,6.2
0:30:27,6.4
0:30:28,6.4
0:30:29,6.1
0:30:30,6.3
0:30:31,6.5
0:30:32,6.1
0:30:33,6.2
0:30:34,5.9
0:30:35,6.2
0:30:36,6.1
0:30:37,6.3
0:30:38,6.1
0:30:39,6.3
0:30:40,6.3
0:30:41,6.2
0:30:42,6.3
0:30:43,6.5
0:30:44,5.8
0:30:45,6.3
0:30:46,6.2
0:30:47,5.6
0:30:48,6.4
0:30:49,6.3
0:30:50,5.7
0:30:51,6.4
0:30:52,6.3
0:30:53,6
0:30:54,5.9
0:30:55,5.9
0:30:56,6
0:30:57,6.4
0:30:58,5.9
0:30:59,6.2
0:31:00,6.3
0:31:01,6
0:31:02,6.3
0:31:03,6.3
0:31:04,6.1
0:31:05,6
0:31:06,6.1
0:31:07,6.1
0:31:08,6.1
0:31:09,6.3
0:31:10,6.3
0:31:11,6.2
0:31:12,6.4
0:31:13,6.3
0:31:14,6.3
0:31:15,6.3
0:31:16,6.3
0:31:17,6
0:31:18,6.2
0:31:19,6.4
0:31:20,6.1
0:31:21,6.3
0:31:22,6.2
0:31:23,5.9
0:31:24,6.3
0:31:25,6.3
0:31:26,5.8
0:31:27,6.3
0:31:28,6.4
0:31:29,6
0:31:30,5.7
0:31:31,6.2
0:31:32,6.2
0:31:33,6.1
0:31:34,5.6
0:31:35,5.8
0:31:36,5.9
0:31:37,5.6
0:31:38,6
0:31:39,6
0:31:40,5.8
0:31:41,6.3
0:31:42,5.9
0:31:43,5.8
0:31:44,6.1
0:31:45,6
0:31:46,6
0:31:47,6
0:31:48,6.5
0:31:49,5.6
0:31:50,6.3
0:31:51,6.4
0:31:52,6.2
0:31:53,6.5
0:31:54,5.9
0:31:55,5.3
0:31:56,6.3
0:31:57,5.9
0:31:58,6
0:31:59,6.2
0:32:00,6.2
0:32:01,5.9
0:32:02,6.2
0:32:03,6.1
0:32:04,6
0:32:05,6.3
0:32:06,6.4
0:32:07,5.7
0:32:08,5.8
0:32:09,6.2
0:32:10,6
0:32:11,6.1
0:32:12,6.2
0:32:13,5.9
0:32:14,6.2
0:32:15,6.2
0:32:16,6.3
0:32:17,6.2
0:32:18,6.3
0:32:19,6.3
0:32:20,6.3
0:32:21,6.1
0:32:22,6.3
0:32:23,6.5
0:32:24,6.2
0:32:25,6.1
0:32:26,6.2
0:32:27,5.6
0:32:28,6.4
0:32:29,6.4
0:32:30,6.5
0:32:31,6.4
0:32:32,6
0:32:33,6
0:32:34,6.4
0:32:35,5.7
0:32:36,6.1
0:32:37,6.4
0:32:38,6.1
0:32:39,6.2
0:32:40,6.2
0:32:41,6.1
0:32:42,6.2
0:32:43,6.3
0:32:44,5.9
0:32:45,6
0:32:46,6.3
0:32:47,6.2
0:32:48,6.5
0:32:49,6.4
0:32:50,6
0:32:51,6.3
0:32:52,6.3
0:32:53,5.9
0:32:54,6.5
0:32:55,6.4
0:32:56,6.4
0:32:57,6.3
0:32:58,6.3
0:32:59,6.3
0:33:00,6.2
0:33:01,6.3
0:33:02,6.4
0:33:03,6
0:33:04,6.3
0:33:05,6.1
0:33:06,5.4
0:33:07,6.2
0:33:08,6.2
0:33:09,5.9
0:33:10,6.1
0:33:11,6.2
0:33:12,6
0:33:13,6.5
0:33:14,6.3
0:33:15,6.1
0:33:16,6.4
0:33:17,5.9
0:33:18,6.3
0:33:19,6.4
0:33:20,6.3
0:33:21,6
0:33:22,6.5
0:33:23,6.3
0:33:24,6
0:33:25,6.4
0:33:26,6.4
0:33:27,6
0:33:28,6.4
0:33:29,6.3
0:33:30,6.3
0:33:31,6.4
0:33:32,6.3
0:33:33,6.3
0:33:34,6.4
0:33:35,6
0:33:36,5.8
0:33:37,6.1
0:33:38,6.3
0:33:39,6.1
0:33:40,5.6
0:33:41,6.2
0:33:42,5.8
0:33:43,5.5
0:33:44,6.1
0:33:45,6.2
0:33:46,6.5
0:33:47,6
0:33:48,6.4
0:33:49,6.4
0:33:50,6.1
0:33:51,6.4
0:33:52,6.3
0:33:53,6.3
0:33:54,6.5
0:33:55,6
0:33:56,6.1
0:33:57,6.5
0:33:58,5.8
0:33:59,6.3
0:34:00,6
0:34:01,6.3
0:34:02,6.1
0:34:03,6.3
0:34:04,6.3
0:34:05,6.1
0:34:06,6.1
0:34:07,6.3
0:34:08,6.3
0:34:09,5.9
0:34:10,6.1
0:34:11,6.1
0:34:12,6
0:34:13,6.3
0:34:14,6.2
0:34:15,6.2
0:34:16,5.9
0:34:17,6
0:34:18,6.1
0:34:19,6.3
0:34:20,5.4
0:34:21,6.3
0:34:22,6.1
0:34:23,5.7
0:34:24,6.2
0:34:25,6.2
0:34:26,5.5
0:34:27,6.1
0:34:28,5.8
0:34:29,6.1
0:34:30,6.4
0:34:31,6.3
0:34:32,6.3
0:34:33,6
0:34:34,6.1
0:34:35,6.3
0:34:36,6
0:34:37,6.1
0:34:38,6.3
0:34:39,6.4
0:34:40,5.8
0:34:41,6.5
0:34:42,6.1
0:34:43,5.9
0:34:44,6.2
0:34:45,6.4
0:34:46,6
0:34:47,6.2
0:34:48,6.4
0:34:49,6.2
0:34:50,6.4
0:34:51,6.5
0:34:52,5.8
0:34:53,5.9
0:34:54,6.1
0:34:55,6.3
0:34:56,6.2
0:34:57,6.5
0:34:58,6.3
0:34:59,6
0:35:00,6.2
0:35:01,6.2
0:35:02,5.9
0:35:03,6.4
0:35:04,5.8
0:35:05,5.7
0:35:06,6
0:35:07,5.9
0:35:08,5.5
0:35:09,6.1
0:35:10,6.1
0:35:11,5.3
0:35:12,6.3
0:35:13,6.3
0:35:14,6.1
0:35:15,6.3
0:35:16,6.4
0:35:17,6.3
0:35:18,6.3
0:35:19,5.8
0:35:20,5.8
0:35:21,6
0:35:22,5.9
0:35:23,5.8
0:35:24,6
0:35:25,6
0:35:26,6.3
0:35:27,6
0:35:28,5.5
0:35:29,5.9
0:35:30,6.1
0:35:31,5.6
0:35:32,6.1
0:35:33,6.3
0:35:34,5.8
0:35:35,6.1
0:35:36,5.5
0:35:37,6.1
0:35:38,6.1
0:35:39,6.1
0:35:40,6.2
0:35:41,6.1
0:35:42,6.1
0:35:43,5.8
0:35:44,6.1
0:35:45,6.2
0:35:46,6.1
0:35:47,5.8
0:35:48,5.9
0:35:49,6
0:35:50,5.9
0:35:51,6.2
0:35:52,6.3
0:35:53,5.4
0:35:54,6.1
0:35:55,6.2
0:35:56,5.5
0:35:57,6.2
0:35:58,6.3
0:35:59,6
0:36:00,6.4
0:36:01,6.2
0:36:02,6.3
0:36:03,5.9
0:36:04,6.1
0:36:05,6
0:36:06,5.3
0:36:07,5.4
0:36:08,5.8
0:36:09,6
0:36:10,5.8
0:36:11,5.5
0:36:12,5.6
0:36:13,5.9
0:36:14,5.9
0:36:15,5.9
0:36:16,5.9
0:36:17,5.5
0:36:18,6
0:36:19,5.6
0:36:20,6.1
0:36:21,6.1
0:36:22,5.4
0:36:23,5.9
0:36:24,6.1
0:36:25,5.8
0:36:26,5.9
0:36:27,6
0:36:28,5.8
0:36:29,6.1
0:36:30,6
0:36:31,6.3
0:36:32,6
0:36:33,6.2
0:36:34,5.6
0:36:35,5.7
0:36:36,6.2
0:36:37,5.8
0:36:38,6.1
0:36:39,5.9
0:36:40,5.9
0:36:41,6.1
0:36:42,6
0:36:43,6.1
0:36:44,6
0:36:45,5.5
0:36:46,6.1
0:36:47,6
0:36:48,5.5
0:36:49,6.2
0:36:50,6.2
0:36:51,5.8
0:36:52,6
0:36:53,5.5
0:36:54,6
0:36:55,6.1
0:36:56,6.2
0:36:57,6.2
0:36:58,5.7
0:36:59,5.7
0:37:00,6
0:37:01,6.2
0:37:02,6
0:37:03,5.8
0:37:04,6.2
0:37:05,6
0:37:06,5.8
0:37:07,6.1
0:37:08,6.3
0:37:09,5.7
0:37:10,5.9
0:37:11,6
0:37:12,5.8
0:37:13,5.7
0:37:14,6
0:37:15,6
0:37:16,5.8
0:37:17,6.1
0:37:18,6.2
0:37:19,6.3
0:37:20,5.8
0:37:21,6.1
0:37:22,6
0:37:23,5.8
0:37:24,5.5
0:37:25,5.7
0:37:26,6
0:37:27,6
0:37:28,6
0:37:29,6.1
0:37:30,6.1
0:37:31,6.4
0:37:32,6.2
0:37:33,5.8
0:37:34,6
0:37:35,6
0:37:36,6
0:37:37,6
0:37:38,6.2
0:37:39,5.9
0:37:40,6.1
0:37:41,5.7
0:37:42,6.3
0:37:43,6.3
0:37:44,5.6
0:37:45,5.3
0:37:46,6.4
0:37:47,5.9
0:37:48,6.2
0:37:49,6.1
0:37:50,6.2
0:37:51,6.2
0:37:52,5.5
0:37:53,6.2
0:37:54,6
0:37:55,5.9
0:37:56,6.3
0:37:57,6.2
0:37:58,6
0:37:59,6
0:38:00,6
0:38:01,6.3
0:38:02,5.9
0:38:03,6.1
0:38:04,6
0:38:05,5.7
0:38:06,5.8
0:38:07,5.9
0:38:08,6.2
0:38:09,5.8
0:38:10,5.8
0:38:11,5.7
0:38:12,5.5
0:38:13,6.1
0:38:14,6.2
0:38:15,5.8
0:38:16,6
0:38:17,6.2
0:38:18,5.9
0:38:19,6.3
0:38:20,6.4
0:38:21,5.9
0:38:22,6
0:38:23,6.2
0:38:24,5.9
0:38:25,6.3
0:38:26,6.4
0:38:27,6.2
0:38:28,5.9
0:38:29,6
0:38:30,6.2
0:38:31,6
0:38:32,5.4
0:38:33,5.7
0:38:34,5.8
0:38:35,5.5
0:38:36,5.7
0:38:37,6.1
0:38:38,6
0:38:39,6.2
0:38:40,5.9
0:38:41,6.2
0:38:42,6.1
0:38:43,6.2
0:38:44,6.1
0:38:45,5.8
0:38:46,6.1
0:38:47,6
0:38:48,5.7
0:38:49,6.3
0:38:50,6.1
0:38:51,6
0:38:52,6.4
0:38:53,5.8
0:38:54,5.8
0:38:55,6.3
0:38:56,6.2
0:38:57,6.2
0:38:58,6
0:38:59,6
0:39:00,6.1
0:39:01,6.1
0:39:02,5.6
0:39:03,6.2
0:39:04,6
0:39:05,5.6
0:39:06,6.3
0:39:07,6
0:39:08,5.8
0:39:09,6.1
0:39:10,6
0:39:11,5.7
0:39:12,6.2
0:39:13,6.2
0:39:14,5.4
0:39:15,6.2
0:39:16,6
0:39:17,5.6
0:39:18,6.1
0:39:19,6
0:39:20,5.7
0:39:21,6
0:39:22,6
0:39:23,5.8
0:39:24,6.2
0:39:25,6.1
0:39:26,6.3
0:39:27,6.1
0:39:28,6.4
0:39:29,6.1
0:39:30,5.7
0:39:31,6
0:39:32,5.9
0:39:33,5.5
0:39:34,6.3
0:39:35,6.2
0:39:36,5.7
0:39:37,6
0:39:38,6.1
0:39:39,6.1
0:39:40,5.7
0:39:41,6
0:39:42,6
0:39:43,5.6
0:39:44,6
0:39:45,6
0:39:46,6
0:39:47,5.9
0:39:48,6.1
0:39:49,6.1
0:39:50,5.4
0:39:51,6
0:39:52,6.2
0:39:53,6.1
0:39:54,6.1
0:39:55,6
0:39:56,5.9
0:39:57,6.1
0:39:58,5.9
0:39:59,5.8
0:40:00,6.1
0:40:01,6.1
0:40:02,5.8
0:40:03,6.1
0:40:04,6.1
0:40:05,6.1
0:40:06,5.7
0:40:07,5.6
0:40:08,5.8
0:40:09,5.9
0:40:10,6
0:40:11,6
0:40:12,6
0:40:13,6.3
0:40:14,5.9
0:40:15,6
0:40:16,6
0:40:17,6
0:40:18,5.7
0:40:19,5.6
0:40:20,6.1
0:40:21,6.2
0:40:22,6.2
0:40:23,6.1
0:40:24,6.2
0:40:25,6
0:40:26,5.7
0:40:27,6.2
0:40:28,5.8
0:40:29,5.8
0:40:30,5.9
0:40:31,5.7
0:40:32,5.7
0:40:33,6
0:40:34,5.7
0:40:35,6.1
0:40:36,6.3
0:40:37,6.1
0:40:38,5.9
0:40:39,6
0:40:40,6
0:40:41,6
0:40:42,5.7
0:40:43,6.1
0:40:44,6.1
0:40:45,6.3
0:40:46,6
0:40:47,6.3
0:40:48,5.8
0:40:49,5.8
0:40:50,6.1
0:40:51,6.1
0:40:52,6
0:40:53,6.1
0:40:54,6.3
0:40:55,6.1
0:40:56,6.2
0:40:57,6.1
0:40:58,5.9
0:40:59,6.2
0:41:00,6.1
0:41:01,6
0:41:02,5.9
0:41:03,6.3
0:41:04,6.1
0:41:05,5.8
0:41:06,6.2
0:41:07,6.1
0:41:08,5.9
0:41:09,6.3
0:41:10,5.8
0:41:11,5.7
0:41:12,5.9
0:41:13,5.8
0:41:14,5.8
0:41:15,5.5
0:41:16,5.6
0:41:17,6
0:41:18,5.5
0:41:19,5.7
0:41:20,6.3
0:41:21,5.9
0:41:22,6.2
0:41:23,5.9
0:41:24,6.2
0:41:25,6.3
0:41:26,6.1
0:41:27,5.9
0:41:28,5.8
0:41:29,6
0:41:30,6.2
0:41:31,6.1
0:41:32,6.1
0:41:33,6.2
0:41:34,5.7
0:41:35,6
0:41:36,6.4
0:41:37,5.9
0:41:38,5.8
0:41:39,6
0:41:40,6.2
0:41:41,5.9
0:41:42,6.1
0:41:43,6.2
0:41:44,5.8
0:41:45,6
0:41:46,6.1
0:41:47,6.3
0:41:48,6.3
0:41:49,5.6
0:41:50,6
0:41:51,6.2
0:41:52,5.2
0:41:53,6.3
0:41:54,5.7
0:41:55,5.6
0:41:56,6
0:41:57,6.1
0:41:58,5.5
0:41:59,5.7
0:42:00,6
0:42:01,5.6
0:42:02,5.5
0:42:03,5.6
0:42:04,6
0:42:05,6.1
0:42:06,5.9
0:42:07,6.1
0:42:08,5.7
0:42:09,5.9
0:42:10,5.8
0:42:11,6.1
0:42:12,6
0:42:13,5.8
0:42:14,5.9
0:42:15,5.8
0:42:16,5.7
0:42:17,6.1
0:42:18,5.9
0:42:19,6
0:42:20,5.7
0:42:21,5.6
0:42:22,5.8
0:42:23,5.7
0:42:24,5.9
0:42:25,6.1
0:42:26,5.6
0:42:27,5.8
0:42:28,6
0:42:29,5.8
0:42:30,5.7
0:42:31,5.7
0:42:32,5.4
0:42:33,6
0:42:34,6
0:42:35,5.8
0:42:36,5.9
0:42:37,5.9
0:42:38,5.4
0:42:39,5.9
0:42:40,6
0:42:41,6
0:42:42,6
0:42:43,5.2
0:42:44,5.8
0:42:45,5.8
0:42:46,5.3
0:42:47,5.3
0:42:48,6
0:42:49,5.9
0:42:50,5.9
0:42:51,5.3
0:42:52,5.4
0:42:53,5.7
0:42:54,5.7
0:42:55,5.8
0:42:56,5.8
0:42:57,5.8
0:42:58,6.2
0:42:59,5.5
0:43:00,6.1
0:43:01,6.1
0:43:02,6.3
0:43:03,6
0:43:04,5.3
0:43:05,5.4
0:43:06,5.4
0:43:07,5.7
0:43:08,5.7
0:43:09,5.6
0:43:10,5.4
0:43:11,5.6
0:43:12,5.5
0:43:13,5.5
0:43:14,5.7
0:43:15,5.8
0:43:16,5.7
0:43:17,5.6
0:43:18,5.6
0:43:19,5.6
0:43:20,6
0:43:21,6.1
0:43:22,6.2
0:43:23,6.2
0:43:24,5.4
0:43:25,6
0:43:26,6.1
0:43:27,5.5
0:43:28,5.6
0:43:29,5.8
0:43:30,6
0:43:31,6
0:43:32,6.1
0:43:33,6.2
0:43:34,5.6
0:43:35,6.2
0:43:36,5.8
0:43:37,5.4
0:43:38,6
0:43:39,6.1
0:43:40,5.7
0:43:41,6.1
0:43:42,6.1
0:43:43,5.6
0:43:44,6
0:43:45,6
0:43:46,5.5
0:43:47,5.9
0:43:48,6.2
0:43:49,5.8
0:43:50,6
0:43:51,6.2
0:43:52,5.8
0:43:53,6
0:43:54,6
0:43:55,5.7
0:43:56,6.1
0:43:57,6.3
0:43:58,5.6
0:43:59,5.7
0:44:00,6
0:44:01,6
0:44:02,5.8
0:44:03,5.6
0:44:04,5.3
0:44:05,5.6
0:44:06,5.8
0:44:07,5.3
0:44:08,5.9
0:44:09,5.7
0:44:10,5.9
0:44:11,5.9
0:44:12,6.3
0:44:13,5.9
0:44:14,5.7
0:44:15,5.5
0:44:16,5.4
0:44:17,5.7
0:44:18,5.8
0:44:19,5.9
0:44:20,6.1
0:44:21,5.7
0:44:22,5.7
0:44:23,5.6
0:44:24,6
0:44:25,6.2
0:44:26,6.1
0:44:27,5.9
0:44:28,6
0:44:29,5.7
0:44:30,6.3
0:44:31,6.2
0:44:32,6
0:44:33,6.1
0:44:34,6.2
0:44:35,6
0:44:36,6.3
0:44:37,5.8
0:44:38,6.1
0:44:39,6
0:44:40,5.9
0:44:41,6
0:44:42,6.3
0:44:43,5.9
0:44:44,5.8
0:44:45,6.2
0:44:46,5.7
0:44:47,6
0:44:48,6.1
0:44:49,6
0:44:50,5.8
0:44:51,6.2
0:44:52,6
0:44:53,6
0:44:54,6.3
0:44:55,5.9
0:44:56,6
0:44:57,6.2
0:44:58,5.6
0:44:59,6
0:45:00,5.9
0:45:01,5.9
0:45:02,6.2
0:45:03,6.3
0:45:04,5.8
0:45:05,5.9
0:45:06,6
0:45:07,5.9
0:45:08,6.1
0:45:09,6.3
0:45:10,6
0:45:11,6
0:45:12,5.9
0:45:13,5.7
0:45:14,6.1
0:45:15,5.9
0:45:16,5.5
0:45:17,6.2
0:45:18,6
0:45:19,5.7
0:45:20,5.8
0:45:21,6
0:45:22,6.2
0:45:23,6.1
0:45:24,5.8
0:45:25,6.3
0:45:26,6.1
0:45:27,5.5
0:45:28,6.3
0:45:29,6.3
0:45:30,5.8
0:45:31,6
0:45:32,5.8
0:45:33,5.9
0:45:34,6
0:45:35,6.1
0:45:36,6.1
0:45:37,6
0:45:38,5.9
0:45:39,6.1
0:45:40,5.6
0:45:41,5.9
0:45:42,6.2
0:45:43,5.7
0:45:44,6
0:45:45,6.2
0:45:46,5.1
0:45:47,5.8
0:45:48,5.7
0:45:49,5.5
0:45:50,5.6
0:45:51,5.4
0:45:52,5.7
0:45:53,6
0:45:54,5.9
0:45:55,6
0:45:56,6.1
0:45:57,6.2
0:45:58,5.6
0:45:59,5.9
0:46:00,6.3
0:46:01,6.3
0:46:02,5.8
0:46:03,6.3
0:46:04,6.3
0:46:05,5.6
0:46:06,6.1
0:46:07,6.2
0:46:08,5.8
0:46:09,6.3
0:46:10,6.1
0:46:11,5.9
0:46:12,6.3
0:46:13,5.9
0:46:14,6.1
0:46:15,6.2
0:46:16,6.1
0:46:17,6
0:46:18,6.4
0:46:19,6.3
0:46:20,6
0:46:21,6.2
0:46:22,6
0:46:23,5.7
0:46:24,6.3
0:46:25,6.3
0:46:26,5.4
0:46:27,6
0:46:28,5.9
0:46:29,5.9
0:46:30,5.8
0:46:31,6.1
0:46:32,6
0:46:33,5.8
0:46:34,6
0:46:35,6.1
0:46:36,5.6
0:46:37,5.7
0:46:38,6.2
0:46:39,5.8
0:46:40,6.1
0:46:41,6.1
0:46:42,6
0:46:43,6
0:46:44,6.1
0:46:45,5.6
0:46:46,5.6
0:46:47,6.2
0:46:48,6.1
0:46:49,6.2
0:46:50,5.8
0:46:51,6
0:46:52,6.3
0:46:53,5.5
0:46:54,6.2
0:46:55,6
0:46:56,5.9
0:46:57,6.1
0:46:58,6.1
0:46:59,5.5
0:47:00,5.9
0:47:01,5.9
0:47:02,6.1
0:47:03,6
0:47:04,5.7
0:47:05,5.8
0:47:06,6.2
0:47:07,5.7
0:47:08,6.2
0:47:09,6
0:47:10,5.6
0:47:11,6.1
0:47:12,6.2
0:47:13,5.9
0:47:14,6.2
0:47:15,5.6
0:47:16,5.9
0:47:17,6.3
0:47:18,5.9
0:47:19,5.8
0:47:20,6.1
0:47:21,5.1
0:47:22,5.7
0:47:23,6
0:47:24,5.4
0:47:25,6
0:47:26,6.1
0:47:27,5.9
0:47:28,5.9
0:47:29,6.3
0:47:30,6
0:47:31,6.1
0:47:32,6.1
0:47:33,5.6
0:47:34,6
0:47:35,6
0:47:36,5.6
0:47:37,6.1
0:47:38,5.9
0:47:39,5.7
0:47:40,6
0:47:41,6.1
0:47:42,6.1
0:47:43,6.3
0:47:44,5.8
0:47:45,6.1
0:47:46,6
0:47:47,5.9
0:47:48,6.1
0:47:49,5.7
0:47:50,5.8
0:47:51,6
0:47:52,5.7
0:47:53,5.8
0:47:54,5.8
0:47:55,6
0:47:56,5.7
0:47:57,5.8
0:47:58,5.2
0:47:59,6
0:48:00,6.2
0:48:01,6.1
0:48:02,6.2
0:48:03,6
0:48:04,6.1
0:48:05,6
0:48:06,5.9
0:48:07,6.3
0:48:08,6.3
0:48:09,6.2
0:48:10,6.1
0:48:11,5.9
0:48:12,5.6
0:48:13,6.1
0:48:14,6.1
0:48:15,5.7
0:48:16,6
0:48:17,5.4
0:48:18,6
0:48:19,6.2
0:48:20,6.3
0:48:21,6.1
0:48:22,6.2
0:48:23,6
0:48:24,5.7
0:48:25,6.1
0:48:26,6.2
0:48:27,6
0:48:28,5.9
0:48:29,6.1
0:48:30,5.8
0:48:31,6.2
0:48:32,5.9
0:48:33,6.1
0:48:34,6
0:48:35,5.7
0:48:36,6.1
0:48:37,5.9
0:48:38,5.9
0:48:39,6.1
0:48:40,6.1
0:48:41,6.1
0:48:42,5.7
0:48:43,6.1
0:48:44,6.1
0:48:45,5.9
0:48:46,6.2
0:48:47,5.9
0:48:48,5.9
0:48:49,6.3
0:48:50,5.9
0:48:51,6.3
0:48:52,6.3
0:48:53,6
0:48:54,5.9
0:48:55,6.5
0:48:56,5.7
0:48:57,6
0:48:58,6.1
0:48:59,5.8
0:49:00,5.9
0:49:01,6.4
0:49:02,5.9
0:49:03,6
0:49:04,6.2
0:49:05,6.1
0:49:06,6
0:49:07,6.1
0:49:08,6.3
0:49:09,6.4
0:49:10,5.9
0:49:11,5.8
0:49:12,5.5
0:49:13,5.8
0:49:14,6.1
0:49:15,6.3
0:49:16,6.1
0:49:17,6.2
0:49:18,6.3
0:49:19,6.2
0:49:20,6.2
0:49:21,6
0:49:22,6.3
0:49:23,5.6
0:49:24,5.9
0:49:25,6
0:49:26,5.4
0:49:27,5.9
0:49:28,6.1
0:49:29,6.1
0:49:30,5.7
0:49:31,6.1
0:49:32,5.7
0:49:33,6.1
0:49:34,6.2
0:49:35,6.2
0:49:36,6.1
0:49:37,5.8
0:49:38,6
0:49:39,6.1
0:49:40,6.2
0:49:41,6.2
0:49:42,6.1
0:49:43,5.4
0:49:44,6.2
0:49:45,6.1
0:49:46,5
0:49:47,5.4
0:49:48,6.3
0:49:49,5.6
0:49:50,5.8
0:49:51,5.8
0:49:52,5.9
0:49:53,6.2
0:49:54,5
0:49:55,5.9
0:49:56,5.6
0:49:57,5.4
0:49:58,5
0:49:59,5.9
0:50:00,5.9
0:50:01,5.7
0:50:02,5.5
0:50:03,5.2
0:50:04,5.8
0:50:05,5.1
0:50:06,5.6
0:50:07,5.7
0:50:08,6.4
0:50:09,6.7
0:50:10,6.4
0:50:11,6.3
0:50:12,6.5
0:50:13,6
0:50:14,6.3
0:50:15,5.8
0:50:16,6.1
0:50:17,5.8
0:50:18,6.3
0:50:19,5.9
0:50:20,5.9
0:50:21,5.8
0:50:22,6.3
0:50:23,6.4
0:50:24,6.4
0:50:25,6.3
0:50:26,6.3
0:50:27,6.5
0:50:28,6.2
0:50:29,6.1
0:50:30,6.1
0:50:31,6.6
0:50:32,6.7
0:50:33,6.3
0:50:34,6.4
0:50:35,6.4
0:50:36,6.6
0:50:37,6.3
0:50:38,6.3
0:50:39,6.3
0:50:40,6.7
0:50:41,6.2
0:50:42,6.7
0:50:43,6.5
0:50:44,6.4
0:50:45,6.4
0:50:46,6.5
0:50:47,6.5
0:50:48,6.5
0:50:49,6.3
0:50:50,6.5
0:50:51,6.6
0:50:52,6.3
0:50:53,6.6
0:50:54,6.3
0:50:55,6.4
0:50:56,6.4
0:50:57,6.3
0:50:58,6.5
0:50:59,6.2
0:51:00,6.3
0:51:01,6.5
0:51:02,6.4
0:51:03,6.5
0:51:04,6.1
0:51:05,6.4
0:51:06,6.1
0:51:07,6.4
0:51:08,6
0:51:09,6.3
0:51:10,6.1
0:51:11,6.3
0:51:12,6.1
0:51:13,6.2
0:51:14,5.9
0:51:15,5.8
0:51:16,6.3
0:51:17,6.4
0:51:18,6
0:51:19,6.6
0:51:20,6.5
0:51:21,6.4
0:51:22,6.1
0:51:23,6.5
0:51:24,5.9
0:51:25,6.5
0:51:26,6.3
0:51:27,5.9
0:51:28,6.5
0:51:29,6.3
0:51:30,5.9
0:51:31,6.4
0:51:32,6.4
0:51:33,5.8
0:51:34,6.5
0:51:35,6.6
0:51:36,6.4
0:51:37,6.7
0:51:38,6.2
0:51:39,6.3
0:51:40,6.6
0:51:41,6
0:51:42,5.8
0:51:43,6.3
0:51:44,6.5
0:51:45,6
0:51:46,6.6
0:51:47,6.5
0:51:48,6.4
0:51:49,6.3
0:51:50,6.2
0:51:51,5.9
0:51:52,5.8
0:51:53,5.8
0:51:54,5.6
0:51:55,6.3
0:51:56,6.2
0:51:57,6.4
0:51:58,6.1
0:51:59,5.9
0:52:00,5.8
0:52:01,6.1
0:52:02,6
0:52:03,6.1
0:52:04,5.7
0:52:05,6.1
0:52:06,6.6
0:52:07,6.4
0:52:08,6.5
0:52:09,5.8
0:52:10,5.6
0:52:11,5.4
0:52:12,5.7
0:52:13,5.7
0:52:14,5.1
0:52:15,5.7
0:52:16,6.2
0:52:17,4.9
0:52:18,5.8
0:52:19,6.2
0:52:20,6.4
0:52:21,6.2
0:52:22,6.4
0:52:23,5.6
0:52:24,5.2
0:52:25,5.7
0:52:26,6.2
0:52:27,6.3
0:52:28,5.9
0:52:29,5.9
0:52:30,5.9
0:52:31,5.4
0:52:32,5.9
0:52:33,5.9
0:52:34,5.9
0:52:35,5.4
0:52:36,5.4
0:52:37,6.5
0:52:38,6.5
0:52:39,6.4
0:52:40,6.5
0:52:41,6.5
0:52:42,6.6
0:52:43,6.3
0:52:44,6.7
0:52:45,6.3
0:52:46,6.4
0:52:47,6.5
0:52:48,6.4
0:52:49,6.4
0:52:50,6.6
0:52:51,6.6
0:52:52,6
0:52:53,6.6
0:52:54,6.3
0:52:55,6.5
0:52:56,5.9
0:52:57,6.5
0:52:58,6.5
0:52:59,6.6
0:53:00,6.1
0:53:01,6.5
0:53:02,6.6
0:53:03,6.6
0:53:04,6.5
0:53:05,6.4
0:53:06,6.5
0:53:07,6.5
0:53:08,6.6
0:53:09,6.5
0:53:10,6.7
0:53:11,6.5
0:53:12,6.6
0:53:13,6.6
0:53:14,6.5
0:53:15,6.5
0:53:16,6.6
0:53:17,6.5
0:53:18,6.5
0:53:19,6.6
0:53:20,6.3
0:53:21,5.5
0:53:22,6.3
0:53:23,6.6
0:53:24,6.1
0:53:25,5.9
0:53:26,5.9
0:53:27,5.9
0:53:28,6
0:53:29,6.2
0:53:30,6.8
0:53:31,6.5
0:53:32,6
0:53:33,6.5
0:53:34,6.6
0:53:35,6.7
0:53:36,6.5
0:53:37,6.6
0:53:38,6.3
0:53:39,6.7
0:53:40,6.7
0:53:41,6.4
0:53:42,6.7
0:53:43,6.8
0:53:44,6
0:53:45,6.8
0:53:46,6.8
0:53:47,6.4
0:53:48,6.8
0:53:49,6.8
0:53:50,6.6
0:53:51,6.5
0:53:52,6.7
0:53:53,6.5
0:53:54,6.8
0:53:55,6.6
0:53:56,6.3
0:53:57,6.7
0:53:58,6.2
0:53:59,6.5
0:54:00,6.3
0:54:01,6.5
0:54:02,6.4
0:54:03,6.3
0:54:04,6.1
0:54:05,6.1
0:54:06,6.1
0:54:07,6.5
0:54:08,6.5
0:54:09,6.5
0:54:10,6.4
0:54:11,6.5
0:54:12,6.3
0:54:13,6.7
0:54:14,6.3
0:54:15,6.7
0:54:16,6.5
0:54:17,6.3
0:54:18,6.6
0:54:19,6.4
0:54:20,6.1
0:54:21,6.6
0:54:22,6.3
0:54:23,6.4
0:54:24,6.4
0:54:25,6.3
0:54:26,6.4
0:54:27,6.5
0:54:28,6.6
0:54:29,6.5
0:54:30,6.5
0:54:31,6.4
0:54:32,6.5
0:54:33,6.4
0:54:34,6.5
0:54:35,6.3
0:54:36,6.1
0:54:37,6.4
0:54:38,6.4
0:54:39,6.3
0:54:40,6.2
0:54:41,6.3
0:54:42,6.4
0:54:43,6.4
0:54:44,6.4
0:54:45,6.7
0:54:46,6.5
0:54:47,6.4
0:54:48,6.6
0:54:49,6.3
0:54:50,6.5
0:54:51,6.5
0:54:52,6.4
0:54:53,6.4
0:54:54,6.5
0:54:55,6.5
0:54:56,6.3
0:54:57,6.5
0:54:58,6.5
0:54:59,6.3
0:55:00,6
0:55:01,5.9
0:55:02,5.6
0:55:03,5.9
0:55:04,6.5
0:55:05,5.9
0:55:06,6.1
0:55:07,6
0:55:08,5.1
0:55:09,6.7
0:55:10,6.4
0:55:11,6.1
0:55:12,6.5
0:55:13,6.3
0:55:14,6.5
0:55:15,6.7
0:55:16,6.5
0:55:17,6.2
0:55:18,6.2
0:55:19,6.4
0:55:20,6.4
0:55:21,6.4
0:55:22,6.7
0:55:23,6.5
0:55:24,6.5
0:55:25,6.5
0:55:26,6.1
0:55:27,6.6
0:55:28,6.3
0:55:29,6.6
0:55:30,6.6
0:55:31,6.5
0:55:32,6.2
0:55:33,6.5
0:55:34,6.4
0:55:35,6.3
0:55:36,6.6
0:55:37,6
0:55:38,6
0:55:39,6.7
0:55:40,6.3
0:55:41,6.4
0:55:42,6.3
0:55:43,6.5
0:55:44,6.5
0:55:45,6.5
0:55:46,6.7
0:55:47,6.4
0:55:48,6.5
0:55:49,6.4
0:55:50,6.4
0:55:51,6.5
0:55:52,6.5
0:55:53,6.7
0:55:54,6.5
0:55:55,6.8
0:55:56,6.3
0:55:57,6
0:55:58,6.4
0:55:59,6.8
0:56:00,6.3
0:56:01,6.6
0:56:02,6.4
0:56:03,6
0:56:04,6.4
0:56:05,6.5
0:56:06,6.3
0:56:07,6.3
0:56:08,6.4
0:56:09,6.5
0:56:10,6.4
0:56:11,6.6
0:56:12,6.4
0:56:13,6.5
0:56:14,6.7
0:56:15,6.2
0:56:16,6.4
0:56:17,6.7
0:56:18,6.6
0:56:19,6.5
0:56:20,6.6
0:56:21,6.5
0:56:22,6.4
0:56:23,6
0:56:24,6.5
0:56:25,6.6
0:56:26,6.4
0:56:27,6.6
0:56:28,5.2
0:56:29,6.3
0:56:30,6.5
0:56:31,6
0:56:32,6.5
0:56:33,6.7
0:56:34,6.1
0:56:35,6.3
0:56:36,6.2
0:56:37,6.2
0:56:38,6.3
0:56:39,6.3
0:56:40,6.2
0:56:41,6.5
0:56:42,6.5
0:56:43,6.3
0:56:44,6.5
0:56:45,6.5
0:56:46,6.5
0:56:47,6.6
0:56:48,6.8
0:56:49,6.6
0:56:50,6.7
0:56:51,6.6
0:56:52,6.4
0:56:53,6.7
0:56:54,6.3
0:56:55,6.7
0:56:56,6.8
0:56:57,6.6
0:56:58,6.8
0:56:59,6.5
0:57:00,6.8
0:57:01,6.5
0:57:02,6.6
0:57:03,6.9
0:57:04,7
0:57:05,6.8
0:57:06,6.9
0:57:07,6.9
0:57:08,7
0:57:09,6.9
0:57:10,6.8
0:57:11,6.9
0:57:12,6.9
0:57:13,6.7
0:57:14,6.8
0:57:15,6.7
0:57:16,6.9
0:57:17,7.1
0:57:18,6.5
0:57:19,6.8
0:57:20,6.6
0:57:21,6.9
0:57:22,6.9
0:57:23,6.9
0:57:24,6.9
0:57:25,6.8
0:57:26,6.9
0:57:27,6.8
0:57:28,7
0:57:29,7
0:57:30,6.5
0:57:31,7
0:57:32,6.9
0:57:33,6.7
0:57:34,6.5
0:57:35,7
0:57:36,6.9
0:57:37,7
0:57:38,6.4
0:57:39,7
0:57:40,6.9
0:57:41,6.9
0:57:42,6.6
0:57:43,6.9
0:57:44,6.7
0:57:45,6.7
0:57:46,6.5
0:57:47,6.8
0:57:48,6
0:57:49,6.6
0:57:50,6.6
0:57:51,6.7
0:57:52,6.9
0:57:53,6.9
0:57:54,6.3
0:57:55,6.8
0:57:56,7
0:57:57,6.8
0:57:58,6.9
0:57:59,7
0:58:00,6.9
0:58:01,6.4
0:58:02,6.7
0:58:03,6.9
0:58:04,6.9
0:58:05,6.8
0:58:06,7
0:58:07,6.9
0:58:08,6.9
0:58:09,6.9
0:58:10,7
0:58:11,7.1
0:58:12,7
0:58:13,7
0:58:14,6.9
0:58:15,6.5
0:58:16,6.8
0:58:17,7
0:58:18,6.8
0:58:19,6.7
0:58:20,6.9
0:58:21,7
0:58:22,6.7
0:58:23,6.4
0:58:24,6.5
0:58:25,7.1
0:58:26,7.1
0:58:27,6.9
0:58:28,6.9
0:58:29,7.1
0:58:30,6.8
0:58:31,7
0:58:32,6.7
0:58:33,6.9
0:58:34,6.7
0:58:35,6.8
0:58:36,6.6
0:58:37,6.9
0:58:38,6.9
0:58:39,6.8
0:58:40,6.5
0:58:41,7.1
0:58:42,7
0:58:43,6.9
0:58:44,6.7
0:58:45,7
0:58:46,7
0:58:47,6.7
0:58:48,7
0:58:49,6.7
0:58:50,6.8
0:58:51,6.8
0:58:52,6.9
0:58:53,6.9
0:58:54,6.8
0:58:55,6.5
0:58:56,6.9
0:58:57,6.6
0:58:58,6.5
0:58:59,6.4
0:59:00,6.7
0:59:01,6.6
0:59:02,6.7
0:59:03,6.6
0:59:04,6.9
0:59:05,6.8
0:59:06,6.8
0:59:07,6.9
0:59:08,7.2
0:59:09,6.7
0:59:10,6.9
0:59:11,6.2
0:59:12,6.2
0:59:13,6.6
0:59:14,6.5
0:59:15,6.4
0:59:16,6.7
0:59:17,6.5
0:59:18,6.6
0:59:19,6.6
0:59:20,6.6
0:59:21,6.6
0:59:22,6.3
0:59:23,6.6
0:59:24,6.6
0:59:25,6.4
0:59:26,6.6
0:59:27,6.6
0:59:28,6.7
0:59:29,6.5
0:59:30,6.8
0:59:31,6.8
0:59:32,6.5
0:59:33,6.5
0:59:34,6.7
0:59:35,6.4
0:59:36,6.8
0:59:37,6.5
0:59:38,6.7
0:59:39,6.6
0:59:40,6.7
0:59:41,6.7
0:59:42,6.4
0:59:43,6.6
0:59:44,6.7
0:59:45,6.5
0:59:46,6.7
0:59:47,6.8
0:59:48,6.5
0:59:49,6.8
0:59:50,6.6
0:59:51,6.4
0:59:52,6.4
0:59:53,6.6
0:59:54,6.2
0:59:55,6.8
0:59:56,6.7
0:59:57,6.6
0:59:58,6.7
0:59:59,6.2
1:00:00,6.2
1:00:01,6.6
1:00:02,6.2
1:00:03,6.5
1:00:04,6
1:00:05,6.3
1:00:06,6
1:00:07,6.6
1:00:08,6.5
1:00:09,6.5
1:00:10,6
1:00:11,6.5
1:00:12,6.3
1:00:13,6
1:00:14,6.3
1:00:15,6.5
1:00:16,6.6
1:00:17,6.6
1:00:18,6.4
1:00:19,6.3
1:00:20,6.3
1:00:21,6.4
1:00:22,6.5
1:00:23,6.5
1:00:24,6.5
1:00:25,6.7
1:00:26,6.7
1:00:27,6.9
1:00:28,6.8
1:00:29,6.6
1:00:30,6.9
1:00:31,6.9
1:00:32,6.5
1:00:33,6.5
1:00:34,6.9
1:00:35,6.6
1:00:36,7
1:00:37,6.6
1:00:38,6.9
1:00:39,6.9
1:00:40,6.5
1:00:41,6.5
1:00:42,6.5
1:00:43,6.6
1:00:44,6.9
1:00:45,6.8
1:00:46,6.8
1:00:47,6.8
1:00:48,6.7
1:00:49,6.7
1:00:50,6.8
1:00:51,7.1
1:00:52,6.7
1:00:53,6.7
1:00:54,6.9
1:00:55,6.8
1:00:56,7
1:00:57,6.5
1:00:58,6.8
1:00:59,6.9
1:01:00,6.6
1:01:01,6.9
1:01:02,6.7
1:01:03,6.9
1:01:04,6.7
1:01:05,6.9
1:01:06,6.8
1:01:07,6.5
1:01:08,6.3
1:01:09,6.9
1:01:10,6.5
1:01:11,6.3
1:01:12,6.3
1:01:13,5.2
1:01:14,6.1
1:01:15,6.7
1:01:16,6.5
1:01:17,5.3
1:01:18,5.7
1:01:19,6
1:01:20,6.5
1:01:21,6.5
1:01:22,6.4
1:01:23,6.7
1:01:24,5.7
1:01:25,6.1
1:01:26,6.7
1:01:27,5.3
1:01:28,5.9
1:01:29,6.3
1:01:30,5.5
1:01:31,4.5
1:01:32,4.8
1:01:33,6
1:01:34,5.9
1:01:35,5.8
1:01:36,5.2
1:01:37,5.3
1:01:38,5.7
1:01:39,4.6
1:01:40,5.7
1:01:41,6
1:01:42,6.3
1:01:43,5.2
1:01:44,5.9
1:01:45,3.5
1:01:46,5.5
1:01:47,4.8
1:01:48,5.5
1:01:49,3.4
1:01:50,4.7
1:01:51,5.8
1:01:52,6.3
1:01:53,5.4
1:01:54,5.8
1:01:55,5.7
1:01:56,5.9
1:01:57,5.9
1:01:58,5.5
1:01:59,6.1
1:02:00,6.4
1:02:01,6.3
1:02:02,6.3
1:02:03,6.4
1:02:04,6.3
1:02:05,5.4
1:02:06,5
1:02:07,6.1
1:02:08,5.3
1:02:09,5.5
1:02:10,5.6
1:02:11,5.1
1:02:12,6
1:02:13,6.3
1:02:14,6.4
1:02:15,6.3
1:02:16,6.5
1:02:17,6.4
1:02:18,6.5
1:02:19,6.3
1:02:20,5.9
1:02:21,5.9
1:02:22,5.7
1:02:23,5.9
1:02:24,5.6
1:02:25,4.8
1:02:26,4.9
1:02:27,4.3
1:02:28,5.6
1:02:29,5.7
1:02:30,5.9
1:02:31,5.5
1:02:32,5.5
1:02:33,5.5
1:02:34,6
1:02:35,5.9
1:02:36,6.3
1:02:37,5.8
1:02:38,5.8
1:02:39,5.9
1:02:40,5.5
1:02:41,6.1
1:02:42,6.1
1:02:43,5.8
1:02:44,5.8
1:02:45,6.1
1:02:46,6.2
1:02:47,5.6
1:02:48,6.1
1:02:49,6
1:02:50,5.6
1:02:51,5.5
1:02:52,6.2
1:02:53,6.2
1:02:54,6
1:02:55,6
1:02:56,6
1:02:57,6
1:02:58,5.5
1:02:59,5.8
1:03:00,5.7
1:03:01,5.1
1:03:02,5.2
1:03:03,5.8
1:03:04,5.6
1:03:05,5.7
1:03:06,5.8
1:03:07,6.4
1:03:08,6
1:03:09,5.9
1:03:10,4.5
1:03:11,5.6
1:03:12,5.5
1:03:13,6
1:03:14,6.3
1:03:15,6.2
1:03:16,6.5
1:03:17,5.7
1:03:18,6.3
1:03:19,5.7
1:03:20,4.7
1:03:21,5.9
1:03:22,6.1
1:03:23,5.5
1:03:24,5.7
1:03:25,6.5
1:03:26,6.2
1:03:27,6.3
1:03:28,6.3
1:03:29,5.9
1:03:30,4.4
1:03:31,5.2
1:03:32,6.1
1:03:33,6.1
1:03:34,6.1
1:03:35,6.2
1:03:36,6.2
1:03:37,6.1
1:03:38,6
1:03:39,6.4
1:03:40,6.3
1:03:41,6.3
1:03:42,5.7
1:03:43,5.5
1:03:44,5.3
1:03:45,6.1
1:03:46,6.2
1:03:47,5.6
1:03:48,5.8
1:03:49,6.3
1:03:50,5.9
1:03:51,4.4
1:03:52,5.6
1:03:53,5.6
1:03:54,6.3
1:03:55,5.9
1:03:56,6.3
