Time,GPU_FPS
0:00:01,0.2
0:00:02,21.7
0:00:03,22.7
0:00:04,18.4
0:00:05,17
0:00:06,15.9
0:00:07,18.2
0:00:08,16.7
0:00:09,13.7
0:00:10,16.7
0:00:11,17.5
0:00:12,15.9
0:00:13,16.1
0:00:14,17.5
0:00:15,13.3
0:00:16,16.4
0:00:17,17.2
0:00:18,17.2
0:00:19,15.4
0:00:20,15.9
0:00:21,13.5
0:00:22,17.3
0:00:23,17.9
0:00:24,15.5
0:00:25,20.3
0:00:26,16.8
0:00:27,14
0:00:28,16.3
0:00:29,16
0:00:30,13.7
0:00:31,17
0:00:32,17.3
0:00:33,13.3
0:00:34,17
0:00:35,16.7
0:00:36,17.5
0:00:37,21.3
0:00:38,21.3
0:00:39,13.1
0:00:40,16.7
0:00:41,17.3
0:00:42,16.4
0:00:43,17.2
0:00:44,17
0:00:45,11.5
0:00:46,21.3
0:00:47,16.1
0:00:48,17.1
0:00:49,17.4
0:00:50,17
0:00:51,12.7
0:00:52,18.5
0:00:53,22.2
0:00:54,20.9
0:00:55,15.6
0:00:56,16.4
0:00:57,14.1
0:00:58,16.4
0:00:59,17.6
0:01:00,17
0:01:01,17.8
0:01:02,19
0:01:03,11.3
0:01:04,22.2
0:01:05,21.3
0:01:06,15.9
0:01:07,17.1
0:01:08,16.9
0:01:09,14
0:01:10,14.8
0:01:11,15.2
0:01:12,18.8
0:01:13,20
0:01:14,16
0:01:15,11.2
0:01:16,17.1
0:01:17,16.6
0:01:18,16.7
0:01:19,19.5
0:01:20,16
0:01:21,11.4
0:01:22,22.3
0:01:23,16
0:01:24,15.5
0:01:25,17.1
0:01:26,16.4
0:01:27,13.2
0:01:28,17.5
0:01:29,16
0:01:30,16.7
0:01:31,17.5
0:01:32,20.8
0:01:33,11.2
0:01:34,21.5
0:01:35,16.1
0:01:36,17
0:01:37,17.2
0:01:38,18.7
0:01:39,11.7
0:01:40,20.8
0:01:41,16.7
0:01:42,16.4
0:01:43,16.4
0:01:44,17.9
0:01:45,13.5
0:01:46,16.7
0:01:47,16.7
0:01:48,17.2
0:01:49,16.4
0:01:50,16.4
0:01:51,14.1
0:01:52,20.9
0:01:53,21.3
0:01:54,18.6
0:01:55,14
0:01:56,15.9
0:01:57,13.3
0:01:58,17.6
0:01:59,15.6
0:02:00,17.6
0:02:01,13.7
0:02:02,21.8
0:02:03,14.3
0:02:04,15.9
0:02:05,17.9
0:02:06,17
0:02:07,16.4
0:02:08,17.6
0:02:09,12.5
0:02:10,17.5
0:02:11,17.2
0:02:12,19.4
0:02:13,14.4
0:02:14,16.7
0:02:15,12.6
0:02:16,18.2
0:02:17,20.6
0:02:18,17.1
0:02:19,17.3
0:02:20,16.7
0:02:21,13.3
0:02:22,16.4
0:02:23,17.3
0:02:24,17
0:02:25,16.9
0:02:26,16.4
0:02:27,13.7
0:02:28,17
0:02:29,16.8
0:02:30,16.7
0:02:31,17
0:02:32,17.6
0:02:33,13.3
0:02:34,19.5
0:02:35,14
0:02:36,16.7
0:02:37,17.2
0:02:38,16.1
0:02:39,16.9
0:02:40,16.3
0:02:41,16.7
0:02:42,19.1
0:02:43,14.7
0:02:44,22
0:02:45,13.4
0:02:46,17
0:02:47,19.7
0:02:48,14.6
0:02:49,16.3
0:02:50,16
0:02:51,13.5
0:02:52,16.5
0:02:53,16.7
0:02:54,16.7
0:02:55,19.1
0:02:56,16.6
0:02:57,15.4
0:02:58,14.5
0:02:59,15.2
0:03:00,14.8
0:03:01,17.3
0:03:02,21.5
0:03:03,13.4
0:03:04,16.1
0:03:05,16
0:03:06,16.8
0:03:07,17.3
0:03:08,16.1
0:03:09,15
0:03:10,14.5
0:03:11,14.9
0:03:12,23
0:03:13,15.9
0:03:14,20.4
0:03:15,13.2
0:03:16,15.9
0:03:17,16.6
0:03:18,16.3
0:03:19,22.2
0:03:20,18.7
0:03:21,13.3
0:03:22,17.2
0:03:23,15.6
0:03:24,20.2
0:03:25,21.2
0:03:26,16.5
0:03:27,14.1
0:03:28,14.6
0:03:29,16
0:03:30,15.5
0:03:31,16.9
0:03:32,18.2
0:03:33,12.4
0:03:34,15.9
0:03:35,15.9
0:03:36,16.7
0:03:37,23.1
0:03:38,18.2
0:03:39,12.4
0:03:40,14.3
0:03:41,15.9
0:03:42,20.9
0:03:43,13.3
0:03:44,18.8
0:03:45,11.9
0:03:46,15.2
0:03:47,20.8
0:03:48,20.9
0:03:49,20.6
0:03:50,14.9
0:03:51,11.6
0:03:52,19
0:03:53,21.3
0:03:54,18.7
0:03:55,13.4
0:03:56,15.9
0:03:57,13.7
0:03:58,15.4
0:03:59,20.3
0:04:00,16.6
0:04:01,17.2
0:04:02,17.5
0:04:03,12.9
0:04:04,20.3
0:04:05,21.3
0:04:06,16.2
0:04:07,21.1
0:04:08,18.2
0:04:09,14.5
0:04:10,16
0:04:11,16.7
0:04:12,19.7
0:04:13,13.7
0:04:14,22.1
0:04:15,12.7
0:04:16,17.1
0:04:17,16.6
0:04:18,16.1
0:04:19,17.9
0:04:20,17
0:04:21,13.7
0:04:22,18.7
0:04:23,21.3
0:04:24,13.9
0:04:25,18
0:04:26,17
0:04:27,16.1
0:04:28,17.1
0:04:29,16.5
0:04:30,13.8
0:04:31,17.7
0:04:32,16.9
0:04:33,12.9
0:04:34,16.8
0:04:35,18.5
0:04:36,14.4
0:04:37,20.6
0:04:38,17
0:04:39,14.5
0:04:40,16
0:04:41,16.9
0:04:42,16.6
0:04:43,17
0:04:44,20.1
0:04:45,11.3
0:04:46,15.6
0:04:47,16.9
0:04:48,17.1
0:04:49,15.6
0:04:50,19.8
0:04:51,13.1
0:04:52,21.6
0:04:53,17.9
0:04:54,14.5
0:04:55,16
0:04:56,15.2
0:04:57,14.9
0:04:58,14
0:04:59,16.7
0:05:00,14.3
0:05:01,17.2
0:05:02,17.2
0:05:03,13.1
0:05:04,18.5
0:05:05,14.7
0:05:06,16.7
0:05:07,20.5
0:05:08,15.7
0:05:09,14.6
0:05:10,16
0:05:11,17.5
0:05:12,21.3
0:05:13,21.3
0:05:14,15.9
0:05:15,12.8
0:05:16,17.7
0:05:17,17
0:05:18,16.7
0:05:19,17
0:05:20,17.3
0:05:21,13.3
0:05:22,17
0:05:23,17.1
0:05:24,18.7
0:05:25,21.3
0:05:26,16.1
0:05:27,14.1
0:05:28,16
0:05:29,18.7
0:05:30,15.9
0:05:31,17.3
0:05:32,19.1
0:05:33,11.9
0:05:34,15.7
0:05:35,19.3
0:05:36,16.8
0:05:37,20.4
0:05:38,14
0:05:39,13.6
0:05:40,16
0:05:41,15
0:05:42,20
0:05:43,13.7
0:05:44,17.1
0:05:45,11.9
0:05:46,15.5
0:05:47,20.6
0:05:48,18.1
0:05:49,16
0:05:50,15.5
0:05:51,11.9
0:05:52,21.3
0:05:53,20.5
0:05:54,16.5
0:05:55,16
0:05:56,15.2
0:05:57,16.5
0:05:58,16
0:05:59,18.7
0:06:00,16.7
0:06:01,17
0:06:02,16.8
0:06:03,16.4
0:06:04,17.4
0:06:05,15.2
0:06:06,17.3
0:06:07,19
0:06:08,14.5
0:06:09,16
0:06:10,14.1
0:06:11,16.5
0:06:12,18
0:06:13,16.9
0:06:14,13.9
0:06:15,15.5
0:06:16,13.2
0:06:17,19.7
0:06:18,14.5
0:06:19,16.8
0:06:20,13.9
0:06:21,15.9
0:06:22,15.9
0:06:23,18.9
0:06:24,14.5
0:06:25,16
0:06:26,14.5
0:06:27,22
0:06:28,15.3
0:06:29,18.7
0:06:30,14
0:06:31,17.2
0:06:32,22.2
0:06:33,19.2
0:06:34,12.2
0:06:35,13.6
0:06:36,17.5
0:06:37,18.8
0:06:38,17.7
0:06:39,16.4
0:06:40,14.7
0:06:41,14
0:06:42,17.3
0:06:43,19.3
0:06:44,20.7
0:06:45,16.2
0:06:46,13.5
0:06:47,17.9
0:06:48,15.4
0:06:49,17.8
0:06:50,17.7
0:06:51,17.5
0:06:52,15.6
0:06:53,17.9
0:06:54,14.7
0:06:55,21.3
0:06:56,15.9
0:06:57,21.7
0:06:58,13.7
0:06:59,15.2
0:07:00,14.7
0:07:01,17.2
0:07:02,20.6
0:07:03,16
0:07:04,15.6
0:07:05,16.4
0:07:06,16.9
0:07:07,21.8
0:07:08,19.9
0:07:09,16.6
0:07:10,14.1
0:07:11,7.3
0:07:12,20.4
0:07:13,22.2
0:07:14,13.7
0:07:15,12
0:07:16,17.6
0:07:17,21
0:07:18,21.3
0:07:19,18.7
0:07:20,16.4
0:07:21,13.1
0:07:22,22.5
0:07:23,21.3
0:07:24,18.7
0:07:25,18.7
0:07:26,14.3
0:07:27,13.5
0:07:28,16.1
0:07:29,16.7
0:07:30,20.4
0:07:31,13.4
0:07:32,21.9
0:07:33,13.3
0:07:34,18.7
0:07:35,19.7
0:07:36,13.7
0:07:37,18.3
0:07:38,16
0:07:39,14.3
0:07:40,19.6
0:07:41,16.2
0:07:42,17.2
0:07:43,18
0:07:44,14.9
0:07:45,14.5
0:07:46,15.9
0:07:47,21
0:07:48,15
0:07:49,14
0:07:50,21.1
0:07:51,12.6
0:07:52,17.2
0:07:53,17.7
0:07:54,16.1
0:07:55,14.8
0:07:56,15.1
0:07:57,13.3
0:07:58,20.9
0:07:59,13.8
0:08:00,16.4
0:08:01,15.9
0:08:02,18.3
0:08:03,14.3
0:08:04,18.9
0:08:05,14.6
0:08:06,14.1
0:08:07,18
0:08:08,15.6
0:08:09,15.3
0:08:10,15.4
0:08:11,13.6
0:08:12,17.3
0:08:13,17
0:08:14,15.5
0:08:15,12.9
0:08:16,18.2
0:08:17,16.5
0:08:18,18
0:08:19,14.7
0:08:20,19.8
0:08:21,11.3
0:08:22,19.8
0:08:23,12.1
0:08:24,20.5
0:08:25,20.7
0:08:26,15.8
0:08:27,13.2
0:08:28,18.2
0:08:29,15.1
0:08:30,22.5
0:08:31,15.9
0:08:32,16.4
0:08:33,15.2
0:08:34,14.5
0:08:35,18
0:08:36,16.8
0:08:37,20.5
0:08:38,16
0:08:39,14.5
0:08:40,14.5
0:08:41,15.2
0:08:42,17
0:08:43,16.7
0:08:44,17.4
0:08:45,14.4
0:08:46,16.2
0:08:47,24.3
0:08:48,16.1
0:08:49,19.3
0:08:50,13.1
0:08:51,13.5
0:08:52,17.9
0:08:53,14.4
0:08:54,21.6
0:08:55,18.7
0:08:56,13.7
0:08:57,15.4
0:08:58,13.6
0:08:59,16.7
0:09:00,22.3
0:09:01,16.2
0:09:02,19.1
0:09:03,12.2
0:09:04,15.3
0:09:05,14.4
0:09:06,17.8
0:09:07,18.9
0:09:08,16
0:09:09,11.8
0:09:10,18.7
0:09:11,16
0:09:12,16.9
0:09:13,19.2
0:09:14,14.7
0:09:15,12.6
0:09:16,17.1
0:09:17,21.1
0:09:18,19.5
0:09:19,14.5
0:09:20,17.1
0:09:21,11.1
0:09:22,21.3
0:09:23,21.3
0:09:24,18.7
0:09:25,14.5
0:09:26,14.5
0:09:27,16.7
0:09:28,20.2
0:09:29,13.4
0:09:30,21.8
0:09:31,16.2
0:09:32,20.6
0:09:33,15.5
0:09:34,15.6
0:09:35,19.4
0:09:36,14.1
0:09:37,16.7
0:09:38,19.8
0:09:39,13.8
0:09:40,18.7
0:09:41,16.1
0:09:42,17
0:09:43,17.2
0:09:44,15.3
0:09:45,16.5
0:09:46,18.8
0:09:47,13.9
0:09:48,18.4
0:09:49,14.5
0:09:50,17.4
0:09:51,11.6
0:09:52,16.9
0:09:53,20.1
0:09:54,13.7
0:09:55,18.5
0:09:56,16
0:09:57,12.5
0:09:58,18.8
0:09:59,14.2
0:10:00,22.8
0:10:01,17.8
0:10:02,16
0:10:03,14
0:10:04,16.2
0:10:05,17.4
0:10:06,16.6
0:10:07,16.9
0:10:08,20.5
0:10:09,12.4
0:10:10,14.5
0:10:11,16
0:10:12,14.3
0:10:13,17.1
0:10:14,16.7
0:10:15,13.4
0:10:16,18.2
0:10:17,13.6
0:10:18,18.9
0:10:19,16
0:10:20,22.3
0:10:21,12.8
0:10:22,15.9
0:10:23,16.8
0:10:24,22.3
0:10:25,16
0:10:26,18.7
0:10:27,13.4
0:10:28,17.3
0:10:29,15.7
0:10:30,21.8
0:10:31,16.1
0:10:32,17.2
0:10:33,15.3
0:10:34,17
0:10:35,15.7
0:10:36,19.1
0:10:37,17.9
0:10:38,20.7
0:10:39,13.3
0:10:40,18.4
0:10:41,16
0:10:42,17.1
0:10:43,21.9
0:10:44,16.4
0:10:45,13.8
0:10:46,16
0:10:47,15.9
0:10:48,21.4
0:10:49,16
0:10:50,18.7
0:10:51,11.5
0:10:52,17
0:10:53,22.1
0:10:54,18.9
0:10:55,13.6
0:10:56,18.8
0:10:57,11.7
0:10:58,19.8
0:10:59,16.4
0:11:00,20.1
0:11:01,16
0:11:02,13.1
0:11:03,14.9
0:11:04,14.4
0:11:05,20
0:11:06,15.7
0:11:07,13.9
0:11:08,21.3
0:11:09,16.3
0:11:10,16
0:11:11,15.4
0:11:12,17
0:11:13,21.5
0:11:14,16.5
0:11:15,16.5
0:11:16,16
0:11:17,17
0:11:18,18.9
0:11:19,15.9
0:11:20,17
0:11:21,13.3
0:11:22,17.6
0:11:23,17
0:11:24,16.7
0:11:25,17.2
0:11:26,17
0:11:27,13.7
0:11:28,17
0:11:29,16.4
0:11:30,19.7
0:11:31,16
0:11:32,14
0:11:33,13.4
0:11:34,19.7
0:11:35,20.9
0:11:36,19.3
0:11:37,14.5
0:11:38,16.4
0:11:39,13.2
0:11:40,16.7
0:11:41,16.4
0:11:42,17.6
0:11:43,17.3
0:11:44,17.6
0:11:45,15.6
0:11:46,21.3
0:11:47,16
0:11:48,18.3
0:11:49,16
0:11:50,14.5
0:11:51,14.5
0:11:52,16.8
0:11:53,21.7
0:11:54,17.2
0:11:55,16
0:11:56,18.7
0:11:57,12.7
0:11:58,16.9
0:11:59,15.3
0:12:00,17.7
0:12:01,16
0:12:02,14.9
0:12:03,13.8
0:12:04,16
0:12:05,16
0:12:06,14.5
0:12:07,15.2
0:12:08,20.9
0:12:09,11.2
0:12:10,15.5
0:12:11,17
0:12:12,15.7
0:12:13,19.8
0:12:14,13.7
0:12:15,14.5
0:12:16,16
0:12:17,13.9
0:12:18,22.7
0:12:19,16
0:12:20,18.7
0:12:21,14.5
0:12:22,13.9
0:12:23,18.4
0:12:24,18.6
0:12:25,16
0:12:26,18.7
0:12:27,10.9
0:12:28,21.5
0:12:29,16.8
0:12:30,22.3
0:12:31,20.6
0:12:32,16.8
0:12:33,14.9
0:12:34,12.7
0:12:35,19.6
0:12:36,18.8
0:12:37,16.1
0:12:38,17.3
0:12:39,14.1
0:12:40,16
0:12:41,16.1
0:12:42,16.9
0:12:43,20.5
0:12:44,16.6
0:12:45,14.3
0:12:46,15
0:12:47,17
0:12:48,21.1
0:12:49,20.9
0:12:50,19.1
0:12:51,11.4
0:12:52,17
0:12:53,16.5
0:12:54,17.7
0:12:55,21.9
0:12:56,17.9
0:12:57,11.6
0:12:58,20.2
0:12:59,13.6
0:13:00,19.9
0:13:01,15.3
0:13:02,13.9
0:13:03,22.2
0:13:04,22.8
0:13:05,21.3
0:13:06,26.5
0:13:07,21.3
0:13:08,17
0:13:09,22
0:13:10,23
0:13:11,23.5
0:13:12,30.5
0:13:13,21.4
0:13:14,22.9
0:13:15,21
0:13:16,23.7
0:13:17,30.5
0:13:18,17
0:13:19,22.9
0:13:20,29.6
0:13:21,21.9
0:13:22,18.2
0:13:23,22.7
0:13:24,23.3
0:13:25,31
0:13:26,21.1
0:13:27,21.3
0:13:28,30.5
0:13:29,21.4
0:13:30,23
0:13:31,23.6
0:13:32,27.9
0:13:33,21.3
0:13:34,18.7
0:13:35,19.9
0:13:36,28.3
0:13:37,22.7
0:13:38,23.9
0:13:39,23.3
0:13:40,26.8
0:13:41,19.6
0:13:42,23.7
0:13:43,17.4
0:13:44,22.9
0:13:45,31.1
0:13:46,24.3
0:13:47,19.9
0:13:48,21.3
0:13:49,22.6
0:13:50,19.1
0:13:51,23.3
0:13:52,23.3
0:13:53,33.9
0:13:54,32
0:13:55,26.5
0:13:56,21.3
0:13:57,18.8
0:13:58,23.3
0:13:59,23.2
0:14:00,23.3
0:14:01,32
0:14:02,28.3
0:14:03,24.9
0:14:04,21.8
0:14:05,22.7
0:14:06,31.1
0:14:07,32
0:14:08,22.9
0:14:09,25.8
0:14:10,19.4
0:14:11,22.5
0:14:12,23.6
0:14:13,23.3
0:14:14,23.9
0:14:15,21.3
0:14:16,26.5
0:14:17,32
0:14:18,26.5
0:14:19,23
0:14:20,24.2
0:14:21,21.2
0:14:22,21.3
0:14:23,32
0:14:24,23.3
0:14:25,26.1
0:14:26,22.9
0:14:27,25.7
0:14:28,21.3
0:14:29,18.7
0:14:30,18.6
0:14:31,36.2
0:14:32,21.5
0:14:33,23.8
0:14:34,29.4
0:14:35,18.9
0:14:36,21.3
0:14:37,18.7
0:14:38,21.3
0:14:39,26.8
0:14:40,23.8
0:14:41,20
0:14:42,23.4
0:14:43,25.5
0:14:44,21.3
0:14:45,26.5
0:14:46,18.6
0:14:47,23.6
0:14:48,36
0:14:49,32
0:14:50,26.1
0:14:51,21.3
0:14:52,17
0:14:53,21
0:14:54,22.3
0:14:55,23.9
0:14:56,28.8
0:14:57,32
0:14:58,26.5
0:14:59,17.6
0:15:00,22.7
0:15:01,23.1
0:15:02,22.8
0:15:03,23.8
0:15:04,34.4
0:15:05,27.2
0:15:06,22.3
0:15:07,18.4
0:15:08,23.1
0:15:09,25.7
0:15:10,21.3
0:15:11,32
0:15:12,32
0:15:13,26.5
0:15:14,17.8
0:15:15,22.7
0:15:16,26
0:15:17,19.3
0:15:18,21.3
0:15:19,22.2
0:15:20,21.3
0:15:21,21.8
0:15:22,20.7
0:15:23,23.9
0:15:24,22.7
0:15:25,32.6
0:15:26,23.3
0:15:27,27.1
0:15:28,18.8
0:15:29,22.8
0:15:30,33.2
0:15:31,22.1
0:15:32,21.3
0:15:33,18.7
0:15:34,24.1
0:15:35,18.2
0:15:36,23.3
0:15:37,31.4
0:15:38,19.8
0:15:39,21.3
0:15:40,17.6
0:15:41,26.6
0:15:42,25.8
0:15:43,20.5
0:15:44,23.1
0:15:45,35.4
0:15:46,26.5
0:15:47,23.3
0:15:48,26.4
0:15:49,21.3
0:15:50,18.2
0:15:51,25.7
0:15:52,25.5
0:15:53,32
0:15:54,28.2
0:15:55,21.3
0:15:56,17.4
0:15:57,23.3
0:15:58,23.1
0:15:59,24
0:16:00,21.3
0:16:01,32
0:16:02,32
0:16:03,21.5
0:16:04,23.3
0:16:05,23.2
0:16:06,21.3
0:16:07,21.6
0:16:08,32
0:16:09,23.4
0:16:10,23.3
0:16:11,30.5
0:16:12,32
0:16:13,27.6
0:16:14,21.3
0:16:15,18.7
0:16:16,19.6
0:16:17,22.7
0:16:18,31.4
0:16:19,30.5
0:16:20,17.5
0:16:21,27.2
0:16:22,21.3
0:16:23,18.4
0:16:24,23.4
0:16:25,23.8
0:16:26,26.3
0:16:27,21.3
0:16:28,19.9
0:16:29,21.3
0:16:30,19.7
0:16:31,23.7
0:16:32,25
0:16:33,19.5
0:16:34,27.6
0:16:35,21.3
0:16:36,26.5
0:16:37,21.3
0:16:38,23.3
0:16:39,28.5
0:16:40,24
0:16:41,21.3
0:16:42,26.5
0:16:43,23.4
0:16:44,22.7
0:16:45,23.6
0:16:46,22.4
0:16:47,33.3
0:16:48,32
0:16:49,25.2
0:16:50,21.3
0:16:51,19.2
0:16:52,22.7
0:16:53,28.6
0:16:54,20.2
0:16:55,23.7
0:16:56,32
0:16:57,26.5
0:16:58,17.8
0:16:59,23.3
0:17:00,29.6
0:17:01,23.7
0:17:02,21.3
0:17:03,26.5
0:17:04,32
0:17:05,27.5
0:17:06,22.7
0:17:07,23.8
0:17:08,26.5
0:17:09,21.3
0:17:10,25.7
0:17:11,21.3
0:17:12,18.1
0:17:13,21.6
0:17:14,25
0:17:15,19.2
0:17:16,22.4
0:17:17,32
0:17:18,32
0:17:19,32
0:17:20,21.7
0:17:21,25.1
0:17:22,22.9
0:17:23,21.3
0:17:24,18.7
0:17:25,21.3
0:17:26,26.7
0:17:27,21.7
0:17:28,23.3
0:17:29,22.8
0:17:30,26.5
0:17:31,24.5
0:17:32,22.9
0:17:33,21.3
0:17:34,22.6
0:17:35,26.8
0:17:36,18.9
0:17:37,24.8
0:17:38,17.4
0:17:39,24.8
0:17:40,19.2
0:17:41,21.7
0:17:42,28.3
0:17:43,25.5
0:17:44,32
0:17:45,23.2
0:17:46,21.3
0:17:47,20.3
0:17:48,23.6
0:17:49,23.3
0:17:50,27.7
0:17:51,21.8
0:17:52,23.9
0:17:53,23.4
0:17:54,19.7
0:17:55,24
0:17:56,28.7
0:17:57,25.1
0:17:58,21.3
0:17:59,21.3
0:18:00,23.8
0:18:01,22.6
0:18:02,22.2
0:18:03,25.9
0:18:04,21.4
0:18:05,21.3
0:18:06,18.7
0:18:07,20.7
0:18:08,23.2
0:18:09,23.2
0:18:10,23.3
0:18:11,24.2
0:18:12,19.8
0:18:13,21.9
0:18:14,25.8
0:18:15,22.7
0:18:16,23.2
0:18:17,25.8
0:18:18,20.7
0:18:19,21.3
0:18:20,18.7
0:18:21,27
0:18:22,23.7
0:18:23,23.3
0:18:24,26
0:18:25,18.9
0:18:26,29.8
0:18:27,18.7
0:18:28,19.2
0:18:29,23
0:18:30,21.5
0:18:31,28.5
0:18:32,21.3
0:18:33,17.6
0:18:34,22.6
0:18:35,27.9
0:18:36,18.5
0:18:37,20.5
0:18:38,23.5
0:18:39,34.2
0:18:40,32
0:18:41,26.5
0:18:42,32
0:18:43,23
0:18:44,23.3
0:18:45,25
0:18:46,21.3
0:18:47,21.3
0:18:48,32
0:18:49,21.3
0:18:50,30.8
0:18:51,23.3
0:18:52,30.3
0:18:53,32
0:18:54,22.7
0:18:55,23.1
0:18:56,23.3
0:18:57,23
0:18:58,22.1
0:18:59,30.7
0:19:00,17.6
0:19:01,21.3
0:19:02,27.2
0:19:03,32
0:19:04,26.5
0:19:05,23.3
0:19:06,23.3
0:19:07,30
0:19:08,17.4
0:19:09,21.3
0:19:10,20.2
0:19:11,22.5
0:19:12,22.2
0:19:13,23.3
0:19:14,32
0:19:15,26.5
0:19:16,21.3
0:19:17,17.7
0:19:18,28.8
0:19:19,17.5
0:19:20,28.5
0:19:21,23.4
0:19:22,32
0:19:23,26.5
0:19:24,21.3
0:19:25,18.3
0:19:26,23.3
0:19:27,22.8
0:19:28,21.3
0:19:29,30.9
0:19:30,32
0:19:31,26.5
0:19:32,18.1
0:19:33,22.7
0:19:34,26.1
0:19:35,18.9
0:19:36,21.3
0:19:37,29
0:19:38,22.3
0:19:39,17.5
0:19:40,25.1
0:19:41,21.3
0:19:42,19.3
0:19:43,21.3
0:19:44,18.7
0:19:45,19
0:19:46,21.3
0:19:47,24.1
0:19:48,20
0:19:49,21.3
0:19:50,23
0:19:51,21.3
0:19:52,31.5
0:19:53,21.5
0:19:54,32.1
0:19:55,21.3
0:19:56,25.2
0:19:57,17
0:19:58,27.6
0:19:59,17
0:20:00,22.9
0:20:01,23.9
0:20:02,21.8
0:20:03,21.3
0:20:04,18.7
0:20:05,21.3
0:20:06,18.2
0:20:07,22.2
0:20:08,23.3
0:20:09,28.3
0:20:10,22.4
0:20:11,19.8
0:20:12,30.2
0:20:13,22.1
0:20:14,21.3
0:20:15,27.2
0:20:16,21.9
0:20:17,21.3
0:20:18,18.7
0:20:19,24.9
0:20:20,20.3
0:20:21,22.1
0:20:22,22.6
0:20:23,24
0:20:24,20.2
0:20:25,21.3
0:20:26,18.7
0:20:27,21.3
0:20:28,19.2
0:20:29,34.7
0:20:30,21.3
0:20:31,21.3
0:20:32,21.3
0:20:33,22.6
0:20:34,22.5
0:20:35,27.6
0:20:36,21.3
0:20:37,17.4
0:20:38,24
0:20:39,22.1
0:20:40,21.3
0:20:41,18.8
0:20:42,23
0:20:43,27.6
0:20:44,28.1
0:20:45,20.4
0:20:46,32
0:20:47,23.1
0:20:48,22
0:20:49,25.7
0:20:50,21.3
0:20:51,26.5
0:20:52,21.3
0:20:53,26.5
0:20:54,23.9
0:20:55,22.7
0:20:56,31.4
0:20:57,25.2
0:20:58,19.2
0:20:59,23.1
0:21:00,25.5
0:21:01,16.9
0:21:02,22.7
0:21:03,22.5
0:21:04,32
0:21:05,32
0:21:06,21.3
0:21:07,29.8
0:21:08,17.2
0:21:09,22.5
0:21:10,22.5
0:21:11,21.3
0:21:12,20.4
0:21:13,21.3
0:21:14,18.7
0:21:15,20.9
0:21:16,23.3
0:21:17,28.5
0:21:18,19.3
0:21:19,21.3
0:21:20,19.7
0:21:21,21.3
0:21:22,22.6
0:21:23,17.3
0:21:24,20.7
0:21:25,21.3
0:21:26,26.5
0:21:27,21.1
0:21:28,23.3
0:21:29,22.9
0:21:30,23.3
0:21:31,24.7
0:21:32,19.7
0:21:33,21.3
0:21:34,21.3
0:21:35,21.3
0:21:36,20.3
0:21:37,22.6
0:21:38,19.6
0:21:39,24.1
0:21:40,19.9
0:21:41,21.8
0:21:42,21.3
0:21:43,20.4
0:21:44,29.3
0:21:45,24.8
0:21:46,21.3
0:21:47,26.5
0:21:48,28.4
0:21:49,22.9
0:21:50,22.7
0:21:51,28.1
0:21:52,17.8
0:21:53,25.6
0:21:54,21.3
0:21:55,18.7
0:21:56,20.1
0:21:57,22.7
0:21:58,23
0:21:59,26.5
0:22:00,21.7
0:22:01,29.9
0:22:02,21.3
0:22:03,22.9
0:22:04,22.9
0:22:05,25.4
0:22:06,21.3
0:22:07,18.7
0:22:08,21.3
0:22:09,21.3
0:22:10,21.3
0:22:11,23.1
0:22:12,22.9
0:22:13,28.3
0:22:14,19.1
0:22:15,21.7
0:22:16,19.3
0:22:17,18.2
0:22:18,22.7
0:22:19,29
0:22:20,18.6
0:22:21,21.3
0:22:22,18.8
0:22:23,28.8
0:22:24,17.5
0:22:25,22.9
0:22:26,30
0:22:27,32
0:22:28,26.5
0:22:29,21.3
0:22:30,25.8
0:22:31,23.3
0:22:32,23.3
0:22:33,23.3
0:22:34,32
0:22:35,21.6
0:22:36,29.6
0:22:37,21.3
0:22:38,22.7
0:22:39,23.3
0:22:40,22.3
0:22:41,20.6
0:22:42,21.3
0:22:43,22.8
0:22:44,28.3
0:22:45,22.9
0:22:46,24.9
0:22:47,23.7
0:22:48,32
0:22:49,26.5
0:22:50,21.3
0:22:51,23.2
0:22:52,23.2
0:22:53,33.4
0:22:54,32
0:22:55,27.2
0:22:56,30.7
0:22:57,21.1
0:22:58,22.4
0:22:59,22.7
0:23:00,23.6
0:23:01,21.3
0:23:02,21.3
0:23:03,21.2
0:23:04,20.2
0:23:05,19.3
0:23:06,23.3
0:23:07,31.1
0:23:08,32
0:23:09,26.5
0:23:10,21.3
0:23:11,17.8
0:23:12,23.2
0:23:13,23.3
0:23:14,31.3
0:23:15,32
0:23:16,32
0:23:17,26.3
0:23:18,21.9
0:23:19,21.2
0:23:20,20.4
0:23:21,25
0:23:22,19.1
0:23:23,24.7
0:23:24,24.7
0:23:25,21.3
0:23:26,22.5
0:23:27,23.3
0:23:28,30.2
0:23:29,32
0:23:30,28.4
0:23:31,32
0:23:32,22.6
0:23:33,20.1
0:23:34,22.7
0:23:35,23
0:23:36,20.6
0:23:37,23.2
0:23:38,23.7
0:23:39,23.3
0:23:40,23.3
0:23:41,22.9
0:23:42,23.1
0:23:43,34.6
0:23:44,23.8
0:23:45,23.3
0:23:46,20.1
0:23:47,22.9
0:23:48,22.6
0:23:49,32.6
0:23:50,26.9
0:23:51,20
0:23:52,21.3
0:23:53,21.2
0:23:54,18.2
0:23:55,23.3
0:23:56,27.6
0:23:57,32.6
0:23:58,22.2
0:23:59,25.5
0:24:00,22.1
0:24:01,29.2
0:24:02,22.2
0:24:03,23.2
0:24:04,32
0:24:05,22.2
0:24:06,27.5
0:24:07,25.1
0:24:08,21.3
0:24:09,23.6
0:24:10,25.6
0:24:11,18.5
0:24:12,27.7
0:24:13,18.3
0:24:14,29.7
0:24:15,17.5
0:24:16,22.7
0:24:17,30.5
0:24:18,21.4
0:24:19,32
0:24:20,22.3
0:24:21,22.2
0:24:22,23.6
0:24:23,22.5
0:24:24,22.1
0:24:25,21.3
0:24:26,18.3
0:24:27,32
0:24:28,31
0:24:29,21.2
0:24:30,22.6
0:24:31,22.5
0:24:32,26.5
0:24:33,17.7
0:24:34,28.5
0:24:35,17.1
0:24:36,22.4
0:24:37,24
0:24:38,20.4
0:24:39,21.3
0:24:40,26.5
0:24:41,22.2
0:24:42,29.2
0:24:43,22.9
0:24:44,23.1
0:24:45,31.4
0:24:46,23.9
0:24:47,20.7
0:24:48,21.3
0:24:49,21.1
0:24:50,22.1
0:24:51,33.4
0:24:52,21.3
0:24:53,32
0:24:54,32
0:24:55,20.8
0:24:56,22.7
0:24:57,22.7
0:24:58,23
0:24:59,22.8
0:25:00,20.3
0:25:01,19.6
0:25:02,19.7
0:25:03,23.8
0:25:04,23.3
0:25:05,30.9
0:25:06,23.2
0:25:07,24.9
0:25:08,21.3
0:25:09,18.7
0:25:10,20.8
0:25:11,22.8
0:25:12,28.8
0:25:13,20.7
0:25:14,21.3
0:25:15,18.7
0:25:16,21.3
0:25:17,21.4
0:25:18,22.6
0:25:19,27.2
0:25:20,21.1
0:25:21,21.3
0:25:22,18.7
0:25:23,20.3
0:25:24,30
0:25:25,24.2
0:25:26,24.6
0:25:27,21.3
0:25:28,20.1
0:25:29,27.2
0:25:30,22.1
0:25:31,21.3
0:25:32,23.4
0:25:33,25.7
0:25:34,21.3
0:25:35,32
0:25:36,28.3
0:25:37,20.2
0:25:38,18.2
0:25:39,22.7
0:25:40,32.2
0:25:41,34.3
0:25:42,32
0:25:43,26.5
0:25:44,18.2
0:25:45,24.9
0:25:46,23.7
0:25:47,30.2
0:25:48,18.2
0:25:49,20.7
0:25:50,23.8
0:25:51,35.7
0:25:52,25.1
0:25:53,22.1
0:25:54,31.5
0:25:55,21.3
0:25:56,20.4
0:25:57,21.3
0:25:58,18.7
0:25:59,20.9
0:26:00,23.8
0:26:01,25.1
0:26:02,21.1
0:26:03,21.3
0:26:04,19.4
0:26:05,22.7
0:26:06,35.2
0:26:07,24.4
0:26:08,27.2
0:26:09,18.5
0:26:10,23.8
0:26:11,20.3
0:26:12,29.6
0:26:13,28.3
0:26:14,17.1
0:26:15,29
0:26:16,21.3
0:26:17,19.3
0:26:18,21.3
0:26:19,18.7
0:26:20,20.4
0:26:21,23.4
0:26:22,25.7
0:26:23,23.4
0:26:24,19.1
0:26:25,20.9
0:26:26,19.2
0:26:27,36.5
0:26:28,22.7
0:26:29,32.1
0:26:30,34.4
0:26:31,25.1
0:26:32,18.1
0:26:33,23.4
0:26:34,19.2
0:26:35,21.5
0:26:36,23.7
0:26:37,27
0:26:38,32
0:26:39,27.2
0:26:40,18.7
0:26:41,21.8
0:26:42,22.9
0:26:43,25
0:26:44,24.6
0:26:45,21.3
0:26:46,22.9
0:26:47,23.8
0:26:48,23.8
0:26:49,22.6
0:26:50,23.6
0:26:51,22.7
0:26:52,32.6
0:26:53,23.5
0:26:54,24.8
0:26:55,21.3
0:26:56,23
0:26:57,23.3
0:26:58,23.9
0:26:59,32
0:27:00,28.8
0:27:01,20
0:27:02,18.7
0:27:03,23
0:27:04,27.2
0:27:05,19
0:27:06,32
0:27:07,26.8
0:27:08,17.8
0:27:09,25.5
0:27:10,23.2
0:27:11,35.9
0:27:12,21.3
0:27:13,26.5
0:27:14,18
0:27:15,25.5
0:27:16,21.3
0:27:17,23.3
0:27:18,24.4
0:27:19,20.3
0:27:20,33.4
0:27:21,23.5
0:27:22,25.3
0:27:23,19.7
0:27:24,21.7
0:27:25,25.7
0:27:26,25.8
0:27:27,34.7
0:27:28,25.8
0:27:29,18.5
0:27:30,23.9
0:27:31,22.2
0:27:32,34.6
0:27:33,32
0:27:34,26.5
0:27:35,17.8
0:27:36,25.8
0:27:37,20.4
0:27:38,22.6
0:27:39,25.8
0:27:40,21.3
0:27:41,23.9
0:27:42,17.8
0:27:43,25.8
0:27:44,19.8
0:27:45,22.5
0:27:46,23.7
0:27:47,26.1
0:27:48,21.3
0:27:49,17.6
0:27:50,22.7
0:27:51,33.2
0:27:52,22.8
0:27:53,28.2
0:27:54,21.3
0:27:55,18.8
0:27:56,19.5
0:27:57,23
0:27:58,24
0:27:59,22.4
0:28:00,31.5
0:28:01,21.3
0:28:02,26.8
0:28:03,21.3
0:28:04,18.6
0:28:05,24
0:28:06,23.3
0:28:07,31.9
0:28:08,27.2
0:28:09,21.3
0:28:10,16.4
0:28:11,25
0:28:12,21
0:28:13,22.6
0:28:14,34.7
0:28:15,23.4
0:28:16,30.6
0:28:17,17.5
0:28:18,26.6
0:28:19,21.3
0:28:20,23.2
0:28:21,26.8
0:28:22,21.3
0:28:23,32
0:28:24,32
0:28:25,26.5
0:28:26,18.3
0:28:27,23.7
0:28:28,36.6
0:28:29,28.8
0:28:30,32
0:28:31,23.3
0:28:32,23.3
0:28:33,21.4
0:28:34,24.2
0:28:35,23.2
0:28:36,20.1
0:28:37,23
0:28:38,22.7
0:28:39,30.5
0:28:40,18.7
0:28:41,21.8
0:28:42,30.9
0:28:43,17.1
0:28:44,21.3
0:28:45,20.7
0:28:46,32
0:28:47,23.3
0:28:48,19.7
0:28:49,23.2
0:28:50,21.3
0:28:51,20.3
0:28:52,22.3
0:28:53,32.6
0:28:54,29.2
0:28:55,22.1
0:28:56,34.7
0:28:57,32
0:28:58,34.8
0:28:59,22.2
0:29:00,23
0:29:01,23.9
0:29:02,24
0:29:03,24.5
0:29:04,28.4
0:29:05,32
0:29:06,26.5
0:29:07,21.3
0:29:08,18
0:29:09,23.7
0:29:10,23.5
0:29:11,28.8
0:29:12,21.3
0:29:13,17.1
0:29:14,29.7
0:29:15,18.1
0:29:16,23.3
0:29:17,28.5
0:29:18,20.2
0:29:19,23.1
0:29:20,27.2
0:29:21,20.9
0:29:22,19.2
0:29:23,22.8
0:29:24,28.4
0:29:25,22.9
0:29:26,32
0:29:27,26.5
0:29:28,21.3
0:29:29,17.7
0:29:30,23.2
0:29:31,29.6
0:29:32,21.3
0:29:33,32
0:29:34,22.3
0:29:35,34.9
0:29:36,25.5
0:29:37,23.1
0:29:38,27.2
0:29:39,21.3
0:29:40,23.1
0:29:41,27.8
0:29:42,20.7
0:29:43,24
0:29:44,23.8
0:29:45,28.7
0:29:46,24.2
0:29:47,21.2
0:29:48,29.6
0:29:49,21.3
0:29:50,17.4
0:29:51,24
0:29:52,28
0:29:53,32
0:29:54,21.4
0:29:55,23.8
0:29:56,23.7
0:29:57,21.1
0:29:58,21.8
0:29:59,30.5
0:30:00,21.3
0:30:01,17.3
0:30:02,28.7
0:30:03,21.3
0:30:04,21.3
0:30:05,23.5
0:30:06,24.5
0:30:07,28.3
0:30:08,21.7
0:30:09,29.8
0:30:10,21.3
0:30:11,17.7
0:30:12,23.1
0:30:13,23.7
0:30:14,32
0:30:15,32
0:30:16,22.5
0:30:17,22.7
0:30:18,23.7
0:30:19,23.3
0:30:20,31.1
0:30:21,23.4
0:30:22,27
0:30:23,21.3
0:30:24,22.8
0:30:25,32
0:30:26,22.9
0:30:27,33.6
0:30:28,24.2
0:30:29,20.3
0:30:30,31
0:30:31,32
0:30:32,22.3
0:30:33,23.3
0:30:34,24.9
0:30:35,20
0:30:36,21.3
0:30:37,21.1
0:30:38,26.8
0:30:39,19
0:30:40,23.8
0:30:41,25.8
0:30:42,18.5
0:30:43,21.9
0:30:44,23.6
0:30:45,25.3
0:30:46,22.7
0:30:47,22.9
0:30:48,32.4
0:30:49,25.5
0:30:50,18.6
0:30:51,24.3
0:30:52,21.3
0:30:53,18.9
0:30:54,23.5
0:30:55,30.9
0:30:56,28.2
0:30:57,18.3
0:30:58,22.7
0:30:59,24.5
0:31:00,19.4
0:31:01,23.8
0:31:02,22.7
0:31:03,34.9
0:31:04,28.4
0:31:05,32
0:31:06,23
0:31:07,19.9
0:31:08,23.6
0:31:09,31.5
0:31:10,34.9
0:31:11,24
0:31:12,19.3
0:31:13,31.5
0:31:14,22.8
0:31:15,24.2
0:31:16,22.4
0:31:17,29.9
0:31:18,21.9
0:31:19,26.3
0:31:20,21.9
0:31:21,18
0:31:22,22.7
0:31:23,29.2
0:31:24,17.7
0:31:25,21.3
0:31:26,21.3
0:31:27,24.9
0:31:28,19.5
0:31:29,17.5
0:31:30,23.8
0:31:31,21.3
0:31:32,22.4
0:31:33,32
0:31:34,23.8
0:31:35,25.8
0:31:36,19.3
0:31:37,27.6
0:31:38,21.3
0:31:39,18.9
0:31:40,28
0:31:41,18.9
0:31:42,20.6
0:31:43,22.2
0:31:44,23.6
0:31:45,24.7
0:31:46,21.3
0:31:47,21.9
0:31:48,34.4
0:31:49,22.5
0:31:50,22.6
0:31:51,24.3
0:31:52,19.6
0:31:53,26.4
0:31:54,21.3
0:31:55,17.1
0:31:56,23.3
0:31:57,22.7
0:31:58,28.2
0:31:59,21.3
0:32:00,22
0:32:01,32
0:32:02,29.6
0:32:03,17.7
0:32:04,22.2
0:32:05,32
0:32:06,34.9
0:32:07,21.2
0:32:08,23.3
0:32:09,35.7
0:32:10,21.8
0:32:11,22.1
0:32:12,25.1
0:32:13,21.3
0:32:14,26.5
0:32:15,32
0:32:16,26.5
0:32:17,17.5
0:32:18,23.3
0:32:19,30.5
0:32:20,17.4
0:32:21,21.2
0:32:22,26.2
0:32:23,22.6
0:32:24,21.3
0:32:25,22.2
0:32:26,26.3
0:32:27,20
0:32:28,21.3
0:32:29,19.3
0:32:30,31.7
0:32:31,20.9
0:32:32,17.1
0:32:33,25
0:32:34,21.3
0:32:35,20
0:32:36,21.3
0:32:37,26.5
0:32:38,21.3
0:32:39,22.6
0:32:40,24.9
0:32:41,20.5
0:32:42,22.1
0:32:43,18.2
0:32:44,32
0:32:45,20.8
0:32:46,23.4
0:32:47,23.3
0:32:48,27.9
0:32:49,21.3
0:32:50,18.7
0:32:51,19.6
0:32:52,32.1
0:32:53,23.3
0:32:54,28.2
0:32:55,21.3
0:32:56,26.5
0:32:57,21.3
0:32:58,26.5
0:32:59,17.5
0:33:00,23.5
0:33:01,25.6
0:33:02,19.9
0:33:03,25.6
0:33:04,21.3
0:33:05,26.9
0:33:06,27.9
0:33:07,17.3
0:33:08,31.1
0:33:09,17.1
0:33:10,21.3
0:33:11,26.5
0:33:12,32
0:33:13,23.1
0:33:14,22.7
0:33:15,24.5
0:33:16,21.3
0:33:17,26.5
0:33:18,32
0:33:19,26.5
0:33:20,18.3
0:33:21,22.7
0:33:22,27.2
0:33:23,18.7
0:33:24,23.3
0:33:25,34.4
0:33:26,32
0:33:27,23.5
0:33:28,23.8
0:33:29,27.2
0:33:30,18.7
0:33:31,21.3
0:33:32,26.5
0:33:33,32
0:33:34,22.2
0:33:35,24.2
0:33:36,27
0:33:37,21.3
0:33:38,23.7
0:33:39,32
0:33:40,26.6
0:33:41,18.3
0:33:42,23.6
0:33:43,27.9
0:33:44,21.3
0:33:45,21.5
0:33:46,21.5
0:33:47,21.8
0:33:48,32
0:33:49,24.4
0:33:50,27.2
0:33:51,18.4
0:33:52,21.3
0:33:53,26.5
0:33:54,32
0:33:55,23.7
0:33:56,22.1
0:33:57,24.7
0:33:58,20
0:33:59,34.1
0:34:00,32
0:34:01,26.8
0:34:02,17.6
0:34:03,23.1
0:34:04,27.7
0:34:05,18.4
0:34:06,31.2
0:34:07,31
0:34:08,32
0:34:09,23.7
0:34:10,24.1
0:34:11,26.9
0:34:12,26.1
0:34:13,32
0:34:14,24.2
0:34:15,26.3
0:34:16,36.8
0:34:17,20.4
0:34:18,32.6
0:34:19,32
0:34:20,21.9
0:34:21,34.4
0:34:22,23.7
0:34:23,20.1
0:34:24,23.5
0:34:25,31.5
0:34:26,32
0:34:27,27.7
0:34:28,21.3
0:34:29,19.8
0:34:30,21.3
0:34:31,22.2
0:34:32,24.4
0:34:33,25.8
0:34:34,24.4
0:34:35,20.8
0:34:36,21.3
0:34:37,20.7
0:34:38,22.7
0:34:39,33
0:34:40,32
0:34:41,26.5
0:34:42,18.4
0:34:43,24.6
0:34:44,20.1
0:34:45,22.6
0:34:46,23.8
0:34:47,32
0:34:48,23.8
0:34:49,28
0:34:50,25.8
0:34:51,32
0:34:52,17.2
0:34:53,17.3
0:34:54,16.7
0:34:55,17.2
0:34:56,14.3
0:34:57,17.3
0:34:58,21
0:34:59,13.9
0:35:00,16
0:35:01,14.5
0:35:02,16.6
0:35:03,16.8
0:35:04,17.8
0:35:05,14.9
0:35:06,16.8
0:35:07,13.9
0:35:08,20.4
0:35:09,11.4
0:35:10,18.2
0:35:11,14.5
0:35:12,14.8
0:35:13,23.1
0:35:14,18.6
0:35:15,12.9
0:35:16,16.9
0:35:17,16.7
0:35:18,19.5
0:35:19,13.8
0:35:20,21.3
0:35:21,13.9
0:35:22,13.8
0:35:23,17.4
0:35:24,16
0:35:25,15
0:35:26,20.8
0:35:27,14.6
0:35:28,17.2
0:35:29,15.5
0:35:30,16
0:35:31,15
0:35:32,17.2
0:35:33,16.7
0:35:34,18.1
0:35:35,14.5
0:35:36,18.8
0:35:37,14.2
0:35:38,21.4
0:35:39,15
0:35:40,16.5
0:35:41,16.6
0:35:42,15.5
0:35:43,15.8
0:35:44,20.8
0:35:45,13
0:35:46,15.8
0:35:47,16.7
0:35:48,21.9
0:35:49,15.9
0:35:50,21.3
0:35:51,15.6
0:35:52,16.1
0:35:53,17.4
0:35:54,21.3
0:35:55,18
0:35:56,15
0:35:57,15.3
0:35:58,16.3
0:35:59,21.6
0:36:00,21.3
0:36:01,16.2
0:36:02,17
0:36:03,16.2
0:36:04,19.6
0:36:05,17.5
0:36:06,17
0:36:07,16.2
0:36:08,21.1
0:36:09,16.6
0:36:10,23.4
0:36:11,15.7
0:36:12,16.8
0:36:13,20.4
0:36:14,16.5
0:36:15,15.2
0:36:16,15.6
0:36:17,16.6
0:36:18,21.1
0:36:19,17
0:36:20,21.3
0:36:21,16.3
0:36:22,14.7
0:36:23,19.3
0:36:24,21.3
0:36:25,18.8
0:36:26,16
0:36:27,11.2
0:36:28,22.8
0:36:29,20.8
0:36:30,17.3
0:36:31,16.2
0:36:32,16.8
0:36:33,15.5
0:36:34,16.9
0:36:35,21.5
0:36:36,19.5
0:36:37,14
0:36:38,18.4
0:36:39,15.7
0:36:40,18.7
0:36:41,21.3
0:36:42,16.9
0:36:43,17.4
0:36:44,17.8
0:36:45,14.5
0:36:46,14.8
0:36:47,16.8
0:36:48,22
0:36:49,16.4
0:36:50,21.3
0:36:51,14.9
0:36:52,16.3
0:36:53,17.9
0:36:54,19.4
0:36:55,21.3
0:36:56,16
0:36:57,12.2
0:36:58,17
0:36:59,19.8
0:37:00,14.7
0:37:01,17.2
0:37:02,17
0:37:03,15.2
0:37:04,15.1
0:37:05,16
0:37:06,14.6
0:37:07,14.8
0:37:08,17
0:37:09,16.3
0:37:10,15.7
0:37:11,16
0:37:12,18.1
0:37:13,21.8
0:37:14,21.3
0:37:15,14.5
0:37:16,16.6
0:37:17,17
0:37:18,17
0:37:19,16.1
0:37:20,21.3
0:37:21,14.6
0:37:22,13.8
0:37:23,17
0:37:24,16.9
0:37:25,20.4
0:37:26,16
0:37:27,14.5
0:37:28,14
0:37:29,21.9
0:37:30,21.6
0:37:31,16.1
0:37:32,16.6
0:37:33,15.4
0:37:34,18.9
0:37:35,16
0:37:36,17
0:37:37,16.3
0:37:38,16.8
0:37:39,16.5
0:37:40,16.2
0:37:41,17.1
0:37:42,19.6
0:37:43,15.9
0:37:44,20.5
0:37:45,16.7
0:37:46,14.5
0:37:47,15.9
0:37:48,16.9
0:37:49,16.3
0:37:50,16
0:37:51,16.1
0:37:52,18.7
0:37:53,16.1
0:37:54,21.8
0:37:55,18.1
0:37:56,14.4
0:37:57,14
0:37:58,16.8
0:37:59,20.9
0:38:00,20.4
0:38:01,13.2
0:38:02,19.6
0:38:03,18.5
0:38:04,17.4
0:38:05,16
0:38:06,17.9
0:38:07,18.7
0:38:08,14.2
0:38:09,15.3
0:38:10,16.2
0:38:11,21.3
0:38:12,16.6
0:38:13,16.4
0:38:14,20.1
0:38:15,14.4
0:38:16,18.8
0:38:17,15.7
0:38:18,16.9
0:38:19,17
0:38:20,16.8
0:38:21,16.5
0:38:22,16.4
0:38:23,16
0:38:24,18.6
0:38:25,14.5
0:38:26,16
0:38:27,16.5
0:38:28,16.7
0:38:29,20.7
0:38:30,18.4
0:38:31,14.5
0:38:32,16
0:38:33,12
0:38:34,19.6
0:38:35,16
0:38:36,16.9
0:38:37,16.3
0:38:38,16.9
0:38:39,16.7
0:38:40,19.2
0:38:41,16
0:38:42,14.5
0:38:43,16.7
0:38:44,19.9
0:38:45,15
0:38:46,19.3
0:38:47,13.8
0:38:48,17.3
0:38:49,16.7
0:38:50,21
0:38:51,14.7
0:38:52,18.8
0:38:53,14.4
0:38:54,16.8
0:38:55,19.9
0:38:56,16.8
0:38:57,14.9
0:38:58,16.9
0:38:59,21.7
0:39:00,21.7
0:39:01,16.4
0:39:02,21.8
0:39:03,15.9
0:39:04,18.6
0:39:05,16
0:39:06,14.5
0:39:07,19.1
0:39:08,22.7
0:39:09,23.1
0:39:10,22.6
0:39:11,21.3
0:39:12,18.7
0:39:13,21.3
0:39:14,26.5
0:39:15,21.8
0:39:16,23.2
0:39:17,24.1
0:39:18,22.6
0:39:19,18.6
0:39:20,21.6
0:39:21,20.9
0:39:22,21
0:39:23,23.6
0:39:24,23.3
0:39:25,32
0:39:26,26.2
0:39:27,21.3
0:39:28,21.3
0:39:29,21.3
0:39:30,23.3
0:39:31,23.5
0:39:32,30.8
0:39:33,19.8
0:39:34,21.3
0:39:35,19.7
0:39:36,21.3
0:39:37,23.5
0:39:38,24.9
0:39:39,23.4
0:39:40,21.3
0:39:41,18.2
0:39:42,34.3
0:39:43,22.5
0:39:44,21.8
0:39:45,30.3
0:39:46,21.3
0:39:47,25.8
0:39:48,21.3
0:39:49,19.3
0:39:50,21.2
0:39:51,22.7
0:39:52,23.8
0:39:53,28.2
0:39:54,20.9
0:39:55,21.3
0:39:56,18.7
0:39:57,20
0:39:58,23.3
0:39:59,26.2
0:40:00,23.4
0:40:01,21.3
0:40:02,18.7
0:40:03,19.8
0:40:04,34.5
0:40:05,21.7
0:40:06,30.7
0:40:07,21.3
0:40:08,25.1
0:40:09,28.7
0:40:10,21.2
0:40:11,21.2
0:40:12,23.6
0:40:13,23.2
0:40:14,23.3
0:40:15,28.7
0:40:16,21.3
0:40:17,18.4
0:40:18,20.3
0:40:19,23.3
0:40:20,25.8
0:40:21,22.8
0:40:22,21.3
0:40:23,18.7
0:40:24,25.9
0:40:25,33.2
0:40:26,22.2
0:40:27,23.3
0:40:28,27.5
0:40:29,18
0:40:30,12.8
0:40:31,14.3
0:40:32,16.8
0:40:33,19.9
0:40:34,13.6
0:40:35,19.9
0:40:36,12.8
0:40:37,17.8
0:40:38,17.2
0:40:39,16
0:40:40,14.9
0:40:41,19.8
0:40:42,11
0:40:43,19.3
0:40:44,16.3
0:40:45,14
0:40:46,21.4
0:40:47,16.3
0:40:48,16.4
0:40:49,17.4
0:40:50,14.6
0:40:51,19
0:40:52,14.3
0:40:53,19.1
0:40:54,12.8
0:40:55,14
0:40:56,21.9
0:40:57,15.9
0:40:58,16.6
0:40:59,17.5
0:41:00,14.9
0:41:01,14.1
0:41:02,16.7
0:41:03,24.3
0:41:04,23.9
0:41:05,21.3
0:41:06,18.7
0:41:07,20.7
0:41:08,24
0:41:09,23.8
0:41:10,23.3
0:41:11,24.2
0:41:12,21.3
0:41:13,18.3
0:41:14,26.4
0:41:15,19
0:41:16,22.7
0:41:17,28.5
0:41:18,21.3
0:41:19,21.7
0:41:20,17.3
0:41:21,35.6
0:41:22,32
0:41:23,23.2
0:41:24,23.8
0:41:25,24.5
0:41:26,20.4
0:41:27,24.6
0:41:28,32
0:41:29,22.7
0:41:30,22.7
0:41:31,27.1
0:41:32,20.7
0:41:33,21.3
0:41:34,26.5
0:41:35,35.4
0:41:36,26.1
0:41:37,23.3
0:41:38,26.5
0:41:39,21.3
0:41:40,26.8
0:41:41,18
0:41:42,20.6
0:41:43,21.6
0:41:44,24.5
0:41:45,26.5
0:41:46,22.1
0:41:47,21.3
0:41:48,18.7
0:41:49,21.3
0:41:50,20.4
0:41:51,24.3
0:41:52,23.8
0:41:53,25.4
0:41:54,21.3
0:41:55,25.9
0:41:56,32
0:41:57,21.9
0:41:58,18.5
0:41:59,25.9
0:42:00,21.3
0:42:01,18.9
0:42:02,21.3
0:42:03,20
0:42:04,23
0:42:05,23
0:42:06,32.5
0:42:07,24.8
0:42:08,21.3
0:42:09,18.7
0:42:10,24.5
0:42:11,22.6
0:42:12,23.7
0:42:13,28.4
0:42:14,17.6
0:42:15,28.4
0:42:16,21.3
0:42:17,26.5
0:42:18,18.5
0:42:19,22.7
0:42:20,23.6
0:42:21,21.3
0:42:22,21.3
0:42:23,21.3
0:42:24,26.5
0:42:25,17.3
0:42:26,22.6
0:42:27,23.7
0:42:28,24.4
0:42:29,21.3
0:42:30,26.5
0:42:31,32
0:42:32,22.1
0:42:33,23.7
0:42:34,22
0:42:35,32
0:42:36,22.7
0:42:37,36.7
0:42:38,26.8
0:42:39,17.4
0:42:40,22.7
0:42:41,26.3
0:42:42,19.6
0:42:43,20.3
0:42:44,20.5
0:42:45,26.7
0:42:46,17.1
0:42:47,23
0:42:48,30.8
0:42:49,27.1
0:42:50,20.2
0:42:51,21.8
0:42:52,21.3
0:42:53,18.8
0:42:54,22.7
0:42:55,29.5
0:42:56,18.9
0:42:57,23.4
0:42:58,19.5
0:42:59,20.5
0:43:00,19.3
0:43:01,22.2
0:43:02,33.3
0:43:03,31
0:43:04,32
0:43:05,26.5
0:43:06,21.9
0:43:07,18.4
0:43:08,22.7
0:43:09,23.3
0:43:10,23.1
0:43:11,21.3
0:43:12,26.1
0:43:13,32
0:43:14,26.5
0:43:15,23
0:43:16,31.2
0:43:17,32
0:43:18,34.3
0:43:19,21.3
0:43:20,20.2
0:43:21,23.3
0:43:22,23.7
0:43:23,32.1
0:43:24,22.7
0:43:25,34.9
0:43:26,25.6
0:43:27,21.3
0:43:28,18
0:43:29,23.7
0:43:30,26
0:43:31,19.3
0:43:32,23.2
0:43:33,21.3
0:43:34,21.3
0:43:35,20.8
0:43:36,23.5
0:43:37,26.9
0:43:38,21.3
0:43:39,18.4
0:43:40,26.6
0:43:41,16.8
0:43:42,22.7
0:43:43,23.1
0:43:44,34.7
0:43:45,22.4
0:43:46,22.7
0:43:47,22.9
0:43:48,21.3
0:43:49,19.9
0:43:50,23.4
0:43:51,34.3
0:43:52,32
0:43:53,21.9
0:43:54,30.2
0:43:55,18.6
0:43:56,19.2
0:43:57,22.7
0:43:58,31.4
0:43:59,21.9
0:44:00,23.1
0:44:01,21.3
0:44:02,19.4
0:44:03,22.7
0:44:04,23.8
0:44:05,24
0:44:06,20.1
0:44:07,28.4
0:44:08,19.4
0:44:09,21.3
0:44:10,20.3
0:44:11,23.1
0:44:12,25.4
0:44:13,21.3
0:44:14,18.7
0:44:15,19.3
0:44:16,23.8
0:44:17,20.8
0:44:18,23.3
0:44:19,29.6
0:44:20,17.2
0:44:21,25.2
0:44:22,20.3
0:44:23,20.8
0:44:24,24.4
0:44:25,23.1
0:44:26,24.2
0:44:27,34.6
0:44:28,32
0:44:29,22.9
0:44:30,21.3
0:44:31,26.5
0:44:32,23.2
0:44:33,29.7
0:44:34,21.3
0:44:35,18.7
0:44:36,21.3
0:44:37,26.5
0:44:38,26.4
0:44:39,22.9
0:44:40,29.1
0:44:41,20
0:44:42,22.8
0:44:43,17.7
0:44:44,20.5
0:44:45,22.7
0:44:46,23.5
0:44:47,35.4
0:44:48,21
0:44:49,24.1
0:44:50,22.8
0:44:51,21.3
0:44:52,18.5
0:44:53,22.6
0:44:54,31.5
0:44:55,32
0:44:56,28.4
0:44:57,17.6
0:44:58,26.3
0:44:59,18.8
0:45:00,23.3
0:45:01,25.7
0:45:02,26.1
0:45:03,34.6
0:45:04,25.8
0:45:05,17.9
0:45:06,23.3
0:45:07,23.6
0:45:08,24.9
0:45:09,32
0:45:10,27.3
0:45:11,18.4
0:45:12,21.3
0:45:13,19.1
0:45:14,23.4
0:45:15,30.5
0:45:16,32
0:45:17,32
0:45:18,20
0:45:19,29.2
0:45:20,32
0:45:21,23.8
0:45:22,23.6
0:45:23,21
0:45:24,24.7
0:45:25,27.6
0:45:26,21.2
0:45:27,22.9
0:45:28,23.5
0:45:29,23.7
0:45:30,35.7
0:45:31,23.4
0:45:32,20.7
0:45:33,30.3
0:45:34,21.8
0:45:35,22.4
0:45:36,37.4
0:45:37,32
0:45:38,24.2
0:45:39,18.9
0:45:40,21.1
0:45:41,20.8
0:45:42,21.9
0:45:43,23
0:45:44,23.2
0:45:45,32
0:45:46,23.5
0:45:47,28.5
0:45:48,17.8
0:45:49,23.3
0:45:50,35.4
0:45:51,28.3
0:45:52,22.4
0:45:53,19.3
0:45:54,20.7
0:45:55,19.2
0:45:56,23.2
0:45:57,26.4
0:45:58,21.3
0:45:59,32
0:46:00,26.3
0:46:01,23.7
0:46:02,23.5
0:46:03,23.3
0:46:04,26.4
0:46:05,18.9
0:46:06,23.8
0:46:07,22
0:46:08,30.2
0:46:09,17.6
0:46:10,23
0:46:11,23.6
0:46:12,20.4
0:46:13,32.6
0:46:14,32
0:46:15,26.5
0:46:16,21.7
0:46:17,22.7
0:46:18,31.5
0:46:19,23.4
0:46:20,24.9
0:46:21,21.7
0:46:22,32
0:46:23,22.5
0:46:24,23.8
0:46:25,29.6
0:46:26,17.5
0:46:27,23.4
0:46:28,19.5
0:46:29,25.2
0:46:30,19
0:46:31,23
0:46:32,30.1
0:46:33,32
0:46:34,28.4
0:46:35,19.9
0:46:36,18.8
0:46:37,22.8
0:46:38,23.1
0:46:39,36.7
0:46:40,27.6
0:46:41,32
0:46:42,27.6
0:46:43,21.3
0:46:44,18.5
0:46:45,23.2
0:46:46,26.4
0:46:47,22.3
0:46:48,22.7
0:46:49,23.8
0:46:50,28.1
0:46:51,18.4
0:46:52,23.7
0:46:53,26.3
0:46:54,21.3
0:46:55,22.8
0:46:56,21
0:46:57,17.3
0:46:58,31.4
0:46:59,23.3
0:47:00,25.2
0:47:01,19.8
0:47:02,30.6
0:47:03,26.8
0:47:04,21.3
0:47:05,19.1
0:47:06,21.9
0:47:07,26.3
0:47:08,23.2
0:47:09,20.2
0:47:10,23.4
0:47:11,22.9
0:47:12,21.3
0:47:13,22.7
0:47:14,28
0:47:15,21.3
0:47:16,22.6
0:47:17,29.6
0:47:18,16.9
0:47:19,23
0:47:20,22.4
0:47:21,32.3
0:47:22,23.7
0:47:23,20
0:47:24,33.8
0:47:25,21.3
0:47:26,20.2
0:47:27,22.4
0:47:28,30
0:47:29,22.4
0:47:30,25.1
0:47:31,18.7
0:47:32,24
0:47:33,21
0:47:34,22.4
0:47:35,25.7
0:47:36,23.3
0:47:37,21.1
0:47:38,21.3
0:47:39,17.5
0:47:40,22.9
0:47:41,23.2
0:47:42,31.5
0:47:43,31
0:47:44,32
0:47:45,21.7
0:47:46,33.4
0:47:47,24.2
0:47:48,24.1
0:47:49,23.8
0:47:50,21.3
0:47:51,25.5
0:47:52,26.3
0:47:53,22.3
0:47:54,18.1
0:47:55,23.3
0:47:56,23.1
0:47:57,22.8
0:47:58,21.3
0:47:59,18.9
0:48:00,21.3
0:48:01,19.4
0:48:02,22.7
0:48:03,26
0:48:04,21.3
0:48:05,21.3
0:48:06,26.5
0:48:07,17.4
0:48:08,22
0:48:09,23.3
0:48:10,25.2
0:48:11,21.3
0:48:12,18.6
0:48:13,30.6
0:48:14,31
0:48:15,21.3
0:48:16,23.2
0:48:17,22.8
0:48:18,31.9
0:48:19,32
0:48:20,32.1
0:48:21,26.4
0:48:22,18.7
0:48:23,22.6
0:48:24,25.8
0:48:25,21.3
0:48:26,18.7
0:48:27,21.3
0:48:28,21.3
0:48:29,21.2
0:48:30,23.3
0:48:31,36
0:48:32,20.8
0:48:33,22.2
0:48:34,29.1
0:48:35,20.9
0:48:36,18
0:48:37,23.3
0:48:38,28
0:48:39,24.2
0:48:40,22.2
0:48:41,29.1
0:48:42,21.3
0:48:43,17.4
0:48:44,23
0:48:45,23.6
0:48:46,21.3
0:48:47,18.7
0:48:48,20.2
0:48:49,31
0:48:50,32
0:48:51,22.8
0:48:52,24.1
0:48:53,22.9
0:48:54,20.7
0:48:55,19.3
0:48:56,21.3
0:48:57,19.1
0:48:58,22.7
0:48:59,22
0:49:00,34.2
0:49:01,21.3
0:49:02,22.8
0:49:03,26.1
0:49:04,19
0:49:05,28.8
0:49:06,18.1
0:49:07,21.3
0:49:08,26.5
0:49:09,32
0:49:10,21.3
0:49:11,22.7
0:49:12,32.2
0:49:13,23.1
0:49:14,22.7
0:49:15,23.8
0:49:16,33.2
0:49:17,22.4
0:49:18,22.1
0:49:19,31.4
0:49:20,26.5
0:49:21,21.3
0:49:22,21.2
0:49:23,21.3
0:49:24,20.8
0:49:25,23.3
0:49:26,25.5
0:49:27,19.2
0:49:28,32
0:49:29,23.1
0:49:30,21.3
0:49:31,19.2
0:49:32,21.7
0:49:33,25.8
0:49:34,21.3
0:49:35,18.8
0:49:36,31.6
0:49:37,26.1
0:49:38,24
0:49:39,23.2
0:49:40,30.5
0:49:41,21.6
0:49:42,32
0:49:43,22.7
0:49:44,32
0:49:45,21.9
0:49:46,22.7
0:49:47,26.5
0:49:48,24.5
0:49:49,21.3
0:49:50,32
0:49:51,32
0:49:52,21.7
0:49:53,23.4
0:49:54,31.5
0:49:55,32
0:49:56,22.6
0:49:57,26.7
0:49:58,23.1
0:49:59,23
0:50:00,23.4
0:50:01,24.9
0:50:02,18.9
0:50:03,21.3
0:50:04,20.5
0:50:05,21.3
0:50:06,26.5
0:50:07,23.7
0:50:08,23.8
0:50:09,28.9
0:50:10,28
0:50:11,21.3
0:50:12,18.1
0:50:13,23.8
0:50:14,23.4
0:50:15,28.9
0:50:16,21.3
0:50:17,23.3
0:50:18,21.3
0:50:19,21.1
0:50:20,25.3
0:50:21,19.9
0:50:22,29.6
0:50:23,32.1
0:50:24,32
0:50:25,25.1
0:50:26,21.3
0:50:27,18.5
0:50:28,23.4
0:50:29,22.8
0:50:30,21
0:50:31,31.3
0:50:32,32
0:50:33,26.5
0:50:34,18.5
0:50:35,19.6
0:50:36,25.4
0:50:37,18.9
0:50:38,35.6
0:50:39,22.6
0:50:40,19.9
0:50:41,20.8
0:50:42,22.7
0:50:43,27.6
0:50:44,32
0:50:45,32
0:50:46,26.5
0:50:47,18.8
0:50:48,23.1
0:50:49,22.8
0:50:50,22.3
0:50:51,23.5
0:50:52,22.5
0:50:53,21.3
0:50:54,23.4
0:50:55,22.5
0:50:56,23.3
0:50:57,22.5
0:50:58,22.2
0:50:59,22.7
0:51:00,23.8
0:51:01,23
0:51:02,20.3
0:51:03,27.8
0:51:04,23.1
0:51:05,21.3
0:51:06,23.2
0:51:07,18.5
0:51:08,28.2
0:51:09,22.6
0:51:10,24.8
0:51:11,18.8
0:51:12,21.4
0:51:13,19.4
0:51:14,29.5
0:51:15,21
0:51:16,22.4
0:51:17,34.5
0:51:18,21.1
0:51:19,27
0:51:20,21.3
0:51:21,17.9
0:51:22,23.2
0:51:23,22.7
0:51:24,31.1
0:51:25,30.1
0:51:26,33.2
0:51:27,29.6
0:51:28,32
0:51:29,22
0:51:30,23.1
0:51:31,28.8
0:51:32,18.4
0:51:33,21.9
0:51:34,21.3
0:51:35,17.5
0:51:36,22.5
0:51:37,22.7
0:51:38,22.6
0:51:39,22.7
0:51:40,30.6
0:51:41,28.8
0:51:42,24.7
0:51:43,20.1
0:51:44,22.7
0:51:45,25.3
0:51:46,18.8
0:51:47,23.8
0:51:48,29.1
0:51:49,21.3
0:51:50,21.7
0:51:51,23
0:51:52,23.2
0:51:53,26.7
0:51:54,22.3
0:51:55,32
0:51:56,26.5
0:51:57,17.5
0:51:58,22.2
0:51:59,22.7
0:52:00,27
0:52:01,21.3
0:52:02,23.2
0:52:03,33.5
0:52:04,22.9
0:52:05,28.5
0:52:06,23.4
0:52:07,19.6
0:52:08,26.9
0:52:09,21.3
0:52:10,22.3
0:52:11,22.7
0:52:12,31.4
0:52:13,25.1
0:52:14,23.1
0:52:15,21.3
0:52:16,26.5
0:52:17,21.3
0:52:18,22.7
0:52:19,25
0:52:20,19.1
0:52:21,32.1
0:52:22,23.4
0:52:23,24.3
0:52:24,23.1
0:52:25,21.7
0:52:26,22.6
0:52:27,21.3
0:52:28,22.2
0:52:29,22.1
0:52:30,31.3
0:52:31,32
0:52:32,23.2
0:52:33,25.8
0:52:34,19.8
0:52:35,21.3
0:52:36,18.7
0:52:37,21.3
0:52:38,18.6
0:52:39,19.6
0:52:40,23.4
0:52:41,28.8
0:52:42,17.7
0:52:43,21.3
0:52:44,18.7
0:52:45,19.6
0:52:46,23.2
0:52:47,21.3
0:52:48,21.3
0:52:49,32
0:52:50,32
0:52:51,21.3
0:52:52,22.2
0:52:53,32.2
0:52:54,32
0:52:55,21.7
0:52:56,24
0:52:57,19.8
0:52:58,20
0:52:59,23.3
0:53:00,22.9
0:53:01,23.2
0:53:02,26.5
0:53:03,26.8
0:53:04,18.2
0:53:05,23.4
0:53:06,22.7
0:53:07,23.4
0:53:08,21.3
0:53:09,26.5
0:53:10,28
0:53:11,30.1
0:53:12,22
0:53:13,22.2
0:53:14,24.1
0:53:15,23.4
0:53:16,21.3
0:53:17,26.5
0:53:18,21.3
0:53:19,17.7
0:53:20,23.3
0:53:21,23.3
0:53:22,27.2
0:53:23,21.3
0:53:24,22.5
0:53:25,23
0:53:26,22.8
0:53:27,25.5
0:53:28,22.6
0:53:29,21.3
0:53:30,23.7
0:53:31,21.3
0:53:32,20.4
0:53:33,22.5
0:53:34,33.6
0:53:35,25
0:53:36,23.9
0:53:37,17.5
0:53:38,26.4
0:53:39,18.7
0:53:40,22.7
0:53:41,30.3
0:53:42,16.8
0:53:43,32
0:53:44,30.1
0:53:45,21.3
0:53:46,27.7
0:53:47,22.7
0:53:48,23.7
0:53:49,21.3
0:53:50,21.3
0:53:51,32
0:53:52,21.3
0:53:53,20.4
0:53:54,22.7
0:53:55,33.5
0:53:56,21.1
0:53:57,23.3
0:53:58,21.3
0:53:59,22.1
0:54:00,19.2
0:54:01,22.2
0:54:02,22.7
0:54:03,32
0:54:04,26.7
0:54:05,23.9
0:54:06,21.3
0:54:07,20.5
0:54:08,22.7
0:54:09,28.2
0:54:10,21.3
0:54:11,18.7
0:54:12,19.3
0:54:13,23.1
0:54:14,20.2
0:54:15,22.4
0:54:16,34.8
0:54:17,28
0:54:18,21.8
0:54:19,29.8
0:54:20,21.3
0:54:21,19.8
0:54:22,22.2
0:54:23,20.1
0:54:24,21.1
0:54:25,23.4
0:54:26,25
0:54:27,17.6
0:54:28,23.3
0:54:29,23.8
0:54:30,24.9
0:54:31,19.6
0:54:32,21.3
0:54:33,23.9
0:54:34,22.2
0:54:35,22.2
0:54:36,23.6
0:54:37,23.4
0:54:38,21.3
0:54:39,18.7
0:54:40,18.3
0:54:41,22.9
0:54:42,22.2
0:54:43,22.7
0:54:44,28.4
0:54:45,17.6
0:54:46,21.3
0:54:47,21.3
0:54:48,23
0:54:49,22.7
0:54:50,23.6
0:54:51,29
0:54:52,20.2
0:54:53,21.3
0:54:54,18.7
0:54:55,19.2
0:54:56,32
0:54:57,32
0:54:58,30.5
0:54:59,21.3
0:55:00,26.5
0:55:01,22
0:55:02,23.3
0:55:03,28.7
0:55:04,19.1
0:55:05,21.3
0:55:06,17.5
0:55:07,21.3
0:55:08,19.8
0:55:09,22.7
0:55:10,36.7
0:55:11,20.7
0:55:12,23.2
0:55:13,33.1
0:55:14,27.6
0:55:15,32
0:55:16,21.1
0:55:17,28
0:55:18,20.2
0:55:19,21.3
0:55:20,18.7
0:55:21,21.3
0:55:22,18.7
0:55:23,22.7
0:55:24,22.7
0:55:25,24.2
0:55:26,21.3
0:55:27,19.7
0:55:28,21.4
0:55:29,19.3
0:55:30,22.9
0:55:31,33.6
0:55:32,26.4
0:55:33,24.2
0:55:34,20.3
0:55:35,25.6
0:55:36,22.3
0:55:37,23
0:55:38,26.7
0:55:39,22.6
0:55:40,21.3
0:55:41,26.5
0:55:42,17.8
0:55:43,22.1
0:55:44,22.2
0:55:45,28.5
0:55:46,32
0:55:47,22.4
0:55:48,29.9
0:55:49,17.1
0:55:50,22.5
0:55:51,24.9
0:55:52,18.4
0:55:53,29.6
0:55:54,21.3
0:55:55,26.5
0:55:56,18.1
0:55:57,21.9
0:55:58,31.4
0:55:59,23.9
0:56:00,21.3
0:56:01,18.7
0:56:02,21.3
0:56:03,19.6
0:56:04,22.7
0:56:05,23.3
0:56:06,22.8
0:56:07,23.4
0:56:08,19.7
0:56:09,21.3
0:56:10,19.3
0:56:11,22.7
0:56:12,25.3
0:56:13,23.4
0:56:14,25.8
0:56:15,21.3
0:56:16,18.7
0:56:17,19.8
0:56:18,22.2
0:56:19,34.7
0:56:20,28.4
0:56:21,32
0:56:22,26.5
0:56:23,17.8
0:56:24,22.6
0:56:25,21.7
0:56:26,24
0:56:27,19.9
0:56:28,23.8
0:56:29,28.2
0:56:30,23.4
0:56:31,20.6
0:56:32,22.2
0:56:33,23
0:56:34,30.9
0:56:35,32
0:56:36,26.8
0:56:37,21.3
0:56:38,17.1
0:56:39,22.7
0:56:40,24.2
0:56:41,21.3
0:56:42,18.7
0:56:43,20.8
0:56:44,25.7
0:56:45,22.2
0:56:46,22.7
0:56:47,34.6
0:56:48,32
0:56:49,27.2
0:56:50,36
0:56:51,20.9
0:56:52,24.5
0:56:53,22.7
0:56:54,22.7
0:56:55,26.8
0:56:56,21.3
0:56:57,26.6
0:56:58,18.5
0:56:59,23.2
0:57:00,26.4
0:57:01,18.4
0:57:02,32
0:57:03,31
0:57:04,21.9
0:57:05,29.5
0:57:06,22.3
0:57:07,23.3
0:57:08,32.5
0:57:09,23.9
0:57:10,22.8
0:57:11,17.7
0:57:12,28.1
0:57:13,20.9
0:57:14,30.2
0:57:15,24.7
0:57:16,32
0:57:17,21.3
0:57:18,23.4
0:57:19,23.2
0:57:20,23
0:57:21,31.6
0:57:22,21.9
0:57:23,25.9
0:57:24,20.9
0:57:25,21.3
0:57:26,17.1
0:57:27,23.4
0:57:28,24.2
0:57:29,21.3
0:57:30,18.7
0:57:31,20.3
0:57:32,22.8
0:57:33,23.3
0:57:34,22.2
0:57:35,32
0:57:36,28
0:57:37,17.8
0:57:38,25.7
0:57:39,21.3
0:57:40,18.7
0:57:41,19.2
0:57:42,23.4
0:57:43,21.3
0:57:44,19.4
0:57:45,32.6
0:57:46,28.8
0:57:47,22.2
0:57:48,23.3
0:57:49,32.4
0:57:50,27.4
0:57:51,24
0:57:52,23.4
0:57:53,23.5
0:57:54,20.4
0:57:55,27.6
0:57:56,19.7
0:57:57,21.3
0:57:58,18.7
0:57:59,21.3
0:58:00,18.7
0:58:01,22.9
0:58:02,24.1
0:58:03,32
0:58:04,21.3
0:58:05,32
0:58:06,30.1
0:58:07,22.6
0:58:08,22.2
0:58:09,33.6
0:58:10,23.3
0:58:11,21.4
0:58:12,18.1
0:58:13,23.6
0:58:14,19.8
0:58:15,22.5
0:58:16,22.8
0:58:17,23.4
0:58:18,21.3
0:58:19,25.5
0:58:20,32
0:58:21,26.5
0:58:22,22.8
0:58:23,26.9
0:58:24,21.3
0:58:25,18.2
0:58:26,21.3
0:58:27,18.7
0:58:28,22.7
0:58:29,22.2
0:58:30,24.5
0:58:31,24.8
0:58:32,28.5
0:58:33,17.3
0:58:34,32.5
0:58:35,21.5
0:58:36,23.2
0:58:37,23.2
0:58:38,22.5
0:58:39,24
0:58:40,21.3
0:58:41,21.3
0:58:42,32
0:58:43,22.4
0:58:44,33.5
0:58:45,21.3
0:58:46,24.5
0:58:47,21.3
0:58:48,17
0:58:49,22.2
0:58:50,22.7
0:58:51,26
0:58:52,18.9
0:58:53,21.3
0:58:54,18.7
0:58:55,23.9
0:58:56,17.1
0:58:57,21.8
0:58:58,23.5
0:58:59,21.3
0:59:00,21.6
0:59:01,30.8
0:59:02,32.1
0:59:03,32
0:59:04,20.4
0:59:05,30.5
0:59:06,28.4
0:59:07,21.3
0:59:08,26.5
0:59:09,18.9
0:59:10,23.7
0:59:11,23.3
0:59:12,35.4
0:59:13,21.3
0:59:14,26.5
0:59:15,21.3
0:59:16,18.7
0:59:17,20.8
0:59:18,26
0:59:19,21.3
0:59:20,21.4
0:59:21,22.4
0:59:22,28.6
0:59:23,21.3
0:59:24,22.4
0:59:25,25.2
0:59:26,21.1
0:59:27,21.3
0:59:28,18.8
0:59:29,20.7
0:59:30,22.7
0:59:31,21.9
0:59:32,23
0:59:33,27.9
0:59:34,21.3
0:59:35,21.1
0:59:36,21.3
0:59:37,22.2
0:59:38,22.2
0:59:39,30
0:59:40,21.3
0:59:41,22.8
0:59:42,27.2
0:59:43,21.9
0:59:44,29.8
0:59:45,22.7
0:59:46,26.1
0:59:47,22.1
0:59:48,21.3
0:59:49,18.7
0:59:50,19.6
0:59:51,36.1
0:59:52,21.2
0:59:53,31
0:59:54,22.6
0:59:55,30.6
0:59:56,29.6
0:59:57,22.4
0:59:58,23
0:59:59,21.8
1:00:00,26
1:00:01,20.2
1:00:02,18.4
1:00:03,24.6
1:00:04,21.3
1:00:05,18.8
1:00:06,23.1
1:00:07,32.2
1:00:08,23.4
1:00:09,21.3
1:00:10,19.2
1:00:11,28.5
1:00:12,20
1:00:13,18
1:00:14,23.3
1:00:15,29.1
1:00:16,17.5
1:00:17,32
1:00:18,29.6
1:00:19,21.8
1:00:20,23.2
1:00:21,22.5
1:00:22,24.2
1:00:23,17.5
1:00:24,34.3
1:00:25,21.3
1:00:26,20.2
1:00:27,23.3
1:00:28,22.5
1:00:29,21.3
1:00:30,26.5
1:00:31,23.3
1:00:32,30.1
1:00:33,32
1:00:34,22.3
1:00:35,22.7
1:00:36,23.8
1:00:37,20.1
1:00:38,23.3
1:00:39,30.6
1:00:40,32
1:00:41,23
1:00:42,26.6
1:00:43,21.6
1:00:44,19.1
1:00:45,21.1
1:00:46,19.8
1:00:47,23.5
1:00:48,22.9
1:00:49,33.1
1:00:50,29.7
1:00:51,17.6
1:00:52,22.7
1:00:53,24.5
1:00:54,19.2
1:00:55,23.3
1:00:56,33.6
1:00:57,22.3
1:00:58,32
1:00:59,26.8
1:01:00,18.8
1:01:01,22.8
1:01:02,22.9
1:01:03,22.6
1:01:04,21.3
1:01:05,24.6
1:01:06,32
1:01:07,32
1:01:08,20.8
1:01:09,22.8
1:01:10,22.6
1:01:11,29.5
1:01:12,17.1
1:01:13,29.4
1:01:14,18.1
1:01:15,19.8
1:01:16,22.9
1:01:17,31.4
1:01:18,31.2
1:01:19,32
1:01:20,22.7
1:01:21,22.7
1:01:22,23.1
1:01:23,22.6
1:01:24,23.6
1:01:25,21.3
1:01:26,26.6
1:01:27,32
1:01:28,26.5
1:01:29,17.7
1:01:30,22.3
1:01:31,35.4
1:01:32,22.1
1:01:33,19.6
1:01:34,29.7
1:01:35,21.5
1:01:36,22.6
1:01:37,22.5
1:01:38,36.6
1:01:39,25.5
1:01:40,21.3
1:01:41,18.1
1:01:42,28
1:01:43,24
1:01:44,23.8
1:01:45,30.4
1:01:46,32
1:01:47,27.9
1:01:48,21.3
1:01:49,18.7
1:01:50,26.4
1:01:51,23.3
1:01:52,27
1:01:53,23.1
1:01:54,22.6
1:01:55,29.3
1:01:56,21.3
1:01:57,22.8
1:01:58,23.5
1:01:59,24.8
1:02:00,21.3
1:02:01,18.7
1:02:02,23.4
1:02:03,24.1
1:02:04,19.3
1:02:05,22
1:02:06,30.6
1:02:07,22.9
1:02:08,21.3
1:02:09,21.3
1:02:10,32
1:02:11,21
1:02:12,22.8
1:02:13,24.7
1:02:14,26.7
1:02:15,23.4
1:02:16,20.5
1:02:17,22.9
1:02:18,23.3
1:02:19,23.4
1:02:20,27
1:02:21,21.3
1:02:22,18.5
1:02:23,30.4
1:02:24,24.8
1:02:25,18.7
1:02:26,22.8
1:02:27,22.4
1:02:28,34.2
1:02:29,21.4
1:02:30,26.5
1:02:31,32
1:02:32,22.5
1:02:33,23.3
1:02:34,23.3
1:02:35,23.5
1:02:36,22.8
1:02:37,21.3
1:02:38,19.4
1:02:39,22.8
1:02:40,22.2
1:02:41,36
1:02:42,21.3
1:02:43,20
1:02:44,32
1:02:45,26.8
1:02:46,16.9
1:02:47,22.4
1:02:48,24.2
1:02:49,19.8
1:02:50,21.3
1:02:51,20.9
1:02:52,21.3
1:02:53,26.5
1:02:54,23.6
1:02:55,23.3
1:02:56,27
1:02:57,21.4
1:02:58,21.3
1:02:59,18.7
1:03:00,19.3
1:03:01,22.4
1:03:02,23
1:03:03,29.6
1:03:04,21.3
1:03:05,26.5
1:03:06,21.3
1:03:07,26.5
1:03:08,22.3
1:03:09,23.3
1:03:10,30.6
1:03:11,26.4
1:03:12,21.3
1:03:13,18.7
1:03:14,20.2
1:03:15,22
1:03:16,23.3
1:03:17,23.1
1:03:18,32
1:03:19,21.5
1:03:20,27.2
1:03:21,17.2
1:03:22,23.3
1:03:23,31.4
1:03:24,25.2
1:03:25,21.3
1:03:26,23.9
1:03:27,32
1:03:28,26.5
1:03:29,23
1:03:30,26.4
1:03:31,21.3
1:03:32,21.1
1:03:33,18.1
1:03:34,19.5
1:03:35,20.5
1:03:36,22.5
1:03:37,23.2
1:03:38,26.1
1:03:39,32
1:03:40,26.5
1:03:41,21.3
1:03:42,18.7
1:03:43,18.5
1:03:44,24.3
1:03:45,21.3
1:03:46,21.3
1:03:47,31.8
1:03:48,21.3
1:03:49,32
1:03:50,22.5
1:03:51,36
1:03:52,21.3
1:03:53,23.7
1:03:54,18.4
1:03:55,26.5
1:03:56,18.5
1:03:57,23.3
1:03:58,25.9
1:03:59,24.2
1:04:00,25.5
1:04:01,22.1
1:04:02,32
1:04:03,26.5
1:04:04,23.4
1:04:05,22.4
1:04:06,25.6
1:04:07,26.1
1:04:08,21.3
1:04:09,26.5
1:04:10,22.5
1:04:11,23.2
1:04:12,22.9
1:04:13,23.1
1:04:14,21.3
1:04:15,18.7
1:04:16,19.7
1:04:17,23.5
1:04:18,22.7
1:04:19,29.5
1:04:20,32
1:04:21,32
1:04:22,26.5
1:04:23,19.7
1:04:24,17.3
1:04:25,22.6
1:04:26,34
1:04:27,21.4
1:04:28,28.8
1:04:29,22.8
1:04:30,21.1
1:04:31,20.6
1:04:32,22.7
1:04:33,24.7
1:04:34,23.6
1:04:35,21.3
1:04:36,26.5
1:04:37,21.3
1:04:38,17.1
1:04:39,22.2
1:04:40,23.7
1:04:41,21.3
1:04:42,26.5
1:04:43,23.8
1:04:44,26.5
1:04:45,22.1
1:04:46,28.6
1:04:47,21.3
1:04:48,27.2
1:04:49,17.7
1:04:50,22.9
1:04:51,18
1:04:52,22.7
1:04:53,25.9
1:04:54,19.1
1:04:55,21.3
1:04:56,19.4
1:04:57,21.3
1:04:58,20.4
1:04:59,22.2
1:05:00,27
1:05:01,32
1:05:02,32
1:05:03,27.2
1:05:04,19.8
1:05:05,18
1:05:06,23
1:05:07,25.1
1:05:08,21.3
1:05:09,16.2
1:05:10,23.2
1:05:11,23
1:05:12,20.2
1:05:13,21.8
1:05:14,33.5
1:05:15,22.3
1:05:16,21.3
1:05:17,26.5
1:05:18,21.3
1:05:19,20.5
1:05:20,24.3
1:05:21,18.5
1:05:22,29.2
1:05:23,23.2
1:05:24,32.2
1:05:25,25.5
1:05:26,23.1
1:05:27,22.8
1:05:28,21.3
1:05:29,26.5
1:05:30,32
1:05:31,26.5
1:05:32,17.2
1:05:33,22.9
1:05:34,24.2
1:05:35,21.9
1:05:36,21.3
1:05:37,18.7
1:05:38,20.3
1:05:39,20.4
1:05:40,22.2
1:05:41,29
1:05:42,32
1:05:43,29.2
1:05:44,20.2
1:05:45,19
1:05:46,22.8
1:05:47,18.2
1:05:48,33
1:05:49,32
1:05:50,31.5
1:05:51,21.3
1:05:52,26.5
1:05:53,26.1
1:05:54,18.6
1:05:55,22.5
1:05:56,23.1
1:05:57,21.3
1:05:58,18.3
1:05:59,32
1:06:00,21.7
1:06:01,22.7
1:06:02,30.9
1:06:03,17.5
1:06:04,26.3
1:06:05,18.6
1:06:06,24.2
1:06:07,20.4
1:06:08,23.3
1:06:09,28.4
1:06:10,21.3
1:06:11,21.1
1:06:12,21.3
1:06:13,26.5
1:06:14,24.9
1:06:15,23.3
1:06:16,23.3
1:06:17,33.7
1:06:18,32
1:06:19,22.7
1:06:20,21.3
